id,domain,status,purchase_price,renewal_price,attractiveness,demand,length,registrar,created_at,expires_at,status_verified_at
bf8345e9-ee87-403b-a579-388decbc7766,leaking.solutions,available,7.96,25.04,high,low,7,spaceship,,,29/09/2026 08:44
eff7d1a7-6792-4d7a-821b-123b87f885c1,digby.solutions,available,24.2,24.2,high,low,5,cloudflare,,,29/09/2026 15:01
094eb246-7778-448c-a7cd-0053f4382115,nasally.solutions,available,5.99,41.99,medium,low,7,name.com,,,15/09/2026 16:10
e5db3c48-228c-4ccf-9fe8-e1c11988c8c7,gorge.solutions,available,8.98,41.98,medium,low,5,namecheap,,,23/09/2026 17:20
3bc04659-7808-453e-9bd5-5bf85e0d4915,madrono.solutions,available,10.99,30.99,medium,low,7,namesilo,,,20/09/2026 01:04
0a5e87c7-f96c-4ac7-9dbb-f97405f424bb,berkshire.solutions,available,10.99,30.99,high,low,9,namesilo,,,23/09/2026 09:33
9ab2e35a-52d8-401f-9ce7-da3d1d8903d0,disrupting.solutions,available,10.99,30.99,medium,low,10,namesilo,,,01/10/2026 23:05
0bbeaac6-1882-4add-9bed-db111d085d7d,tractors.solutions,available,10.99,30.99,medium,low,8,namesilo,,,21/09/2026 06:24
12296dbf-1a42-4b30-af22-e539db24023f,sublunary.solutions,available,5.99,41.99,medium,low,9,name.com,,,12/08/2026 08:28
680b1ad7-64e2-4585-b2c1-e28dad9d05d9,poultry.solutions,available,10.99,30.99,high,low,7,namesilo,,,24/09/2026 23:24
be488861-d0a7-46bf-b7c9-3fc00e9ee9f6,foil.solutions,resell,,,high,low,4,"GoDaddy.com, LLC",24/12/2016 10:38,24/12/2026 10:38,26/09/2026 06:10
afcd6168-ed5d-407e-9356-da693a178bbd,fissure.solutions,available,5.99,41.99,high,low,7,name.com,,,13/08/2026 04:18
0c7b34b9-5b1a-4168-be01-415d2bffdd4a,nutbrown.solutions,available,8.98,41.98,medium,low,8,namecheap,,,03/09/2026 23:14
ea552297-5f60-48ba-b0e8-cafa2f976dfb,jeremy.solutions,resell,,,high,low,6,,,,27/09/2026 10:46
ec48d325-698d-40c3-b078-6ef591122a98,malpractice.solutions,available,7.96,25.04,medium,low,11,spaceship,,,01/10/2026 15:32
82ee340b-eb49-46a9-8da8-f7766d35b1fb,digitizer.solutions,available,8.98,41.98,high,low,9,namecheap,,,19/09/2026 01:49
c3595a8a-5fba-4e37-a47e-b00213e1db8b,imperious.solutions,available,5.99,41.99,medium,low,9,name.com,,,21/08/2026 01:26
7ae5a4bc-ac60-477d-92e7-e491fd4d84f8,barlow.solutions,available,3.5,25.9,high,low,6,dynadot,,,29/09/2026 03:31
8227a736-1d1a-4bdb-b5ac-5dfb9b5b582e,arsenic.solutions,available,8.98,41.98,medium,low,7,namecheap,,,13/09/2026 21:07
8d5e848d-0efb-4b2d-abf3-b3b9bc8832f3,rejoice.solutions,available,10.99,30.99,high,low,7,namesilo,,,30/09/2026 17:44
0a8217e9-d121-4e94-ac42-14e4ad97e588,turk.solutions,resell,,,high,low,4,,,,29/09/2026 08:16
6c35aac7-6b60-4589-bf98-6e7696194099,rockingham.solutions,available,10.99,30.99,medium,low,10,namesilo,,,28/09/2026 13:42
2602481a-2e75-4d4b-9d4d-e58659e0bc28,flavorsome.solutions,available,5.99,41.99,medium,low,10,name.com,,,18/08/2026 07:12
0198f056-8da2-45ca-ad21-211e41343acf,sdf.solutions,available,3.5,25.9,high,low,3,dynadot,,,01/10/2026 08:35
a4d5d06d-314e-4696-a86d-d6f117d1a970,departments.solutions,available,24.2,24.2,medium,low,11,cloudflare,,,29/09/2026 17:21
aae2281c-3aa8-404d-8d23-f90902b6bd19,gallican.solutions,available,5.99,41.99,medium,low,8,name.com,,,18/08/2026 19:40
42b069ee-865d-4006-9527-ace778de5d8a,uniate.solutions,available,8.98,41.98,medium,low,6,namecheap,,,12/09/2026 12:42
56d825ad-6d38-4395-a2d7-86f374912e82,directory.solutions,premium,520,520,high,low,9,namecheap,,,24/09/2026 22:24
2234a68b-70c2-4b69-a23a-ccbb232f32f2,djiboutian.solutions,available,5.99,41.99,medium,low,10,name.com,,,14/08/2026 14:08
b25c176a-cb26-47ef-9afd-e9808158ab96,heavier.solutions,available,3.5,25.9,medium,low,7,dynadot,,,29/09/2026 04:51
171a5ca3-1b90-46c8-ace6-3a6a13eeed77,bearberry.solutions,available,8.98,41.98,medium,low,9,namecheap,,,22/09/2026 20:57
4e0ea7ce-6165-424c-aea7-81804305e05a,unnoted.solutions,available,8.98,41.98,medium,low,7,namecheap,,,04/09/2026 21:08
dfbc5f14-05e6-4ff2-a57c-7a9875053e5c,alpaca.solutions,available,10.99,30.99,high,low,6,namesilo,,,18/09/2026 13:31
8f8ff916-cd26-4801-bfa4-2993eb151fa7,leucine.solutions,available,24.2,24.2,medium,low,7,cloudflare,,,01/10/2026 20:19
af7e3b36-c151-4808-bfb0-b59c807eaf4c,emboss.solutions,available,5.99,41.99,medium,low,6,name.com,,,10/08/2026 20:42
1bce572e-71b3-4309-9ec2-d4e3e05410dc,carrots.solutions,available,3.5,25.9,high,low,7,dynadot,,,30/09/2026 00:15
57231b89-fcc8-475e-9605-12c2708196bb,envy.solutions,available,24.2,24.2,high,low,4,cloudflare,,,28/09/2026 05:36
7b325365-4d01-4da9-880a-b4f6f4aae4e7,curtly.solutions,available,8.98,41.98,medium,low,6,namecheap,,,14/09/2026 10:10
ac576aee-dfbb-4d27-ae40-634a687e9595,shelling.solutions,available,10.99,30.99,medium,low,8,namesilo,,,22/09/2026 08:00
c2ce0170-6307-4ce3-951a-972a081ecab6,fronts.solutions,available,24.2,24.2,medium,low,6,cloudflare,,,30/09/2026 15:47
4fe58e5c-703b-46ac-b7ef-b4770834f472,impossibility.solutions,available,24.2,24.2,medium,low,13,cloudflare,,,30/09/2026 23:16
4b7991c7-9ed8-45dc-880d-712cf964f929,atarax.solutions,available,8.98,41.98,medium,low,6,namecheap,,,20/09/2026 19:30
3678d17c-7157-4b8d-8410-da9cf56a60f8,bet.solutions,resell,,,high,medium,3,Dynadot Inc,09/12/2020 08:18,09/12/2026 08:18,26/09/2026 04:23
380c95be-46e9-4bf0-b4f0-b58476b4739f,conklin.solutions,available,3.5,25.9,medium,low,7,dynadot,,,30/09/2026 13:55
e69f119d-f5fe-4e8f-8b77-23e3ed648b67,iodized.solutions,available,5.99,41.99,medium,low,7,name.com,,,22/08/2026 09:18
f87e2a84-1466-4aeb-a5c8-dc51a26c4120,congestion.solutions,available,8.98,41.98,medium,low,10,namecheap,,,29/09/2026 10:56
3444e251-9949-40f9-8a6e-42453919480e,catapultic.solutions,available,5.99,41.99,medium,low,10,name.com,,,11/08/2026 21:06
29087b7d-c545-4524-b512-462e6efc970e,encampment.solutions,available,8.98,41.98,medium,low,10,namecheap,,,08/09/2026 09:14
1a5f11f9-de40-442e-a800-2d2aa1eef393,alkanet.solutions,available,8.98,41.98,medium,low,7,namecheap,,,18/09/2026 08:26
382db970-5d73-4436-b585-651a88cc5781,phases.solutions,available,10.99,30.99,medium,low,6,namesilo,,,18/09/2026 14:38
c21979b8-36a2-4a90-8480-c75d20e83ad9,powers.solutions,available,41.98,,high,low,6,namecheap,,,
d901f8bd-e950-4cff-9442-66499cd4716d,mich.solutions,available,10.5,,high,low,4,unstoppable,,,29/09/2026 14:29
f77a4cc0-c255-4411-b858-861a701723a6,knives.solutions,available,8.98,41.98,medium,low,6,namecheap,,,28/09/2026 05:00
6797151d-1ef4-48ef-8dbe-a6576b3fba0b,stay.solutions,resell,,,high,low,4,Netregistry Wholesale Pty Ltd,12/01/2026 21:57,12/01/2027 21:57,26/09/2026 09:17
975099d0-ee6d-4b16-b101-acfcd46f61a1,trophic.solutions,resell,,,high,low,7,"GoDaddy.com, LLC",01/07/2014 09:35,01/07/2027 09:35,26/09/2026 09:46
339eae18-58ef-483c-9192-a6f5ddffadb6,andorran.solutions,available,5.99,41.99,medium,low,8,name.com,,,
77dec856-31ab-4d76-abbf-37e4cc73f84f,analgesia.solutions,available,10.99,30.99,high,low,9,namesilo,,,19/09/2026 01:49
b2808f05-fe53-4c50-8f1f-64ecfb6d2407,comics.solutions,available,5.99,,high,low,6,name.com,,,
ad195dff-b27a-4e46-9301-6282f407c4b8,ungummed.solutions,available,8.98,41.98,low,low,8,namecheap,,,12/09/2026 11:43
bef92e95-057a-42e6-a36a-95a2c5bdaa78,luo.solutions,available,10.5,,high,low,3,unstoppable,,,29/09/2026 07:30
be6f5551-17a8-44d8-b74d-cb7efc85b7ff,overstated.solutions,available,5.99,41.99,medium,low,10,name.com,,,17/08/2026 15:36
1c01545e-0a54-46cb-9d0c-20dfc37450b6,poof.solutions,available,8.98,41.98,medium,low,4,namecheap,,,09/09/2026 08:09
63c68de0-ef98-4f41-a37f-b06afe0a19b6,steadily.solutions,available,8.98,41.98,medium,low,8,namecheap,,,10/09/2026 19:32
ad4ff793-6ea2-4bb3-9e87-cc0842be4f75,fairly.solutions,available,8.98,41.98,high,low,6,namecheap,,,24/09/2026 16:08
80f4e38e-d523-4da5-b3e1-1da6ed118ede,restraints.solutions,available,7.96,25.04,medium,low,10,spaceship,,,01/10/2026 18:24
d6cd6b0e-c331-4d8c-8cc1-1d8fc6662c31,sportsperson.solutions,available,8.98,41.98,high,low,12,namecheap,,,16/09/2026 08:58
4e73ef4a-097e-4252-81d6-0f7f0b347429,fitfully.solutions,available,8.98,41.98,medium,low,8,namecheap,,,14/09/2026 18:43
c2ccd5f1-93b1-4463-b832-136ed5c03da3,airlines.solutions,available,10.5,,medium,low,8,unstoppable,,,28/09/2026 17:53
96af7117-4a27-4444-98d9-256adbf9347b,ste.solutions,resell,,,high,low,3,,,,27/09/2026 07:49
9fbec06e-250b-42de-a24b-dd1b9a83003d,creatures.solutions,available,10.99,30.99,medium,low,9,namesilo,,,27/09/2026 03:06
7acfac37-68a6-4a6b-908b-259109983f2f,character.solutions,available,10.99,30.99,high,low,9,namesilo,,,24/09/2026 13:45
3fa56be5-93cf-4c00-b0d0-ea0ea8e4af82,mcdonnell.solutions,available,8.98,41.98,high,low,9,namecheap,,,27/09/2026 02:55
fc11563b-753f-4d58-9771-6f4a5d4358dc,anchors.solutions,available,8.98,41.98,medium,low,7,namecheap,,,01/10/2026 18:28
a9f3d1e0-0f49-4615-914c-162040b45cff,ils.solutions,available,3.5,25.9,medium,low,3,dynadot,,,30/09/2026 00:10
4ab8201c-e8c0-4f78-bce9-a6e7cec9370e,folding.solutions,available,8.98,41.98,high,low,7,namecheap,,,24/09/2026 20:52
fb1ca8ab-d625-4cae-bd79-fbd902623cd2,dishy.solutions,available,5.99,41.99,medium,low,5,name.com,,,14/08/2026 11:03
7ac50e29-940e-4c45-91ef-40c0caec39ca,personnel.solutions,resell,,,high,low,9,,,,27/09/2026 15:14
85f0709d-ec38-4641-b6fd-5d57b43abb4a,forfeit.solutions,available,5.99,41.99,high,low,7,name.com,,,12/08/2026 21:00
d9248965-1e3a-4996-ba3f-2c1dec1a0afd,vendible.solutions,available,5.99,41.99,medium,low,8,name.com,,,24/08/2026 20:32
26cdc1da-373e-4015-9d05-33769094a80e,certainty.solutions,available,8.98,41.98,high,low,9,namecheap,,,24/09/2026 13:39
bd1d493d-2cc5-43fc-9e7a-7e4a4ec2f31a,homophonic.solutions,available,5.99,41.99,medium,low,10,name.com,,,21/08/2026 13:06
78b3bf36-755e-4033-be68-400702156fcf,leonidas.solutions,available,24.2,24.2,high,low,8,cloudflare,,,01/10/2026 02:52
a3bd8a8e-6877-4a79-9cf1-55f0a37a4517,grumble.solutions,available,5.99,41.99,medium,low,7,name.com,,,20/08/2026 20:38
bf23c91d-bcde-4f9c-aabb-68259a22ac5a,mountains.solutions,available,8.98,41.98,medium,low,9,namecheap,,,17/09/2026 17:48
2b6dc3e6-8e18-4df9-ae7a-3be903314e1c,audacity.solutions,available,10.99,30.99,high,low,8,namesilo,,,21/09/2026 02:47
5c989fae-62dc-4114-8959-3421343b1a93,naturistic.solutions,available,8.98,41.98,medium,low,10,namecheap,,,03/09/2026 13:59
37ad6cec-422d-4589-89e8-131a0f1c11c5,gerry.solutions,available,8.98,41.98,medium,low,5,namecheap,,,25/09/2026 15:41
61bc1578-347d-4b1b-865c-d9ff05031a38,marysville.solutions,available,7.96,25.04,medium,low,10,spaceship,,,30/09/2026 05:38
42493020-deca-42a6-a1b0-1a0bc614b13b,thrilly.solutions,available,8.98,41.98,medium,low,7,namecheap,,,18/09/2026 19:36
1215b120-4ce4-4292-9577-0d445b0e0d32,sinister.solutions,available,5.99,41.99,medium,low,8,name.com,,,24/08/2026 20:02
3b3d1fbf-fe47-4209-8378-b92c80833ebb,btw.solutions,premium,128.7,128.7,high,low,3,namecheap,,,01/10/2026 04:54
d34a8a13-431e-4acb-89c3-2050ccb4ea66,legislature.solutions,available,7.96,25.04,high,low,11,spaceship,,,01/10/2026 05:03
aaefd997-3a01-4b16-a80f-fc6b67a726fd,clubbish.solutions,available,5.99,41.99,low,low,8,name.com,,,12/08/2026 12:59
d2564045-1d82-4363-a794-dfcf175c0e93,transitional.solutions,available,8.98,41.98,high,low,12,namecheap,,,30/09/2026 23:21
5297209c-19b8-4d7a-b821-1690962cc583,flapjack.solutions,available,10.99,30.99,high,low,8,namesilo,,,22/09/2026 14:32
8475627a-e84b-4cfc-80bd-70ddcf1062fc,blueish.solutions,available,10.99,30.99,medium,low,7,namesilo,,,22/09/2026 22:51
8ae79520-86e0-4a32-a23e-43c5a52a01a7,plushy.solutions,available,5.99,41.99,medium,low,6,name.com,,,24/08/2026 11:02
7e2c2f7e-7ff9-4ee3-8932-577d952f8adf,seamy.solutions,available,5.99,41.99,medium,low,5,name.com,,,10/09/2026 00:49
e80a62f1-3ba3-44e2-b4db-059a952c97b5,babble.solutions,available,10.99,30.99,high,low,6,namesilo,,,21/09/2026 12:19
f1c447d5-bce8-4e6b-9f73-4cf472a6a318,osmotic.solutions,available,5.99,41.99,medium,low,7,name.com,,,04/09/2026 18:15
b254164d-f70c-420a-8750-2872caefb163,wyoming.solutions,available,7.96,25.04,high,low,7,spaceship,,,29/09/2026 06:48
22a0ba3e-78e8-4260-9f37-ca8675266256,amaranthus.solutions,available,10.99,30.99,medium,low,10,namesilo,,,18/09/2026 15:51
64b63786-88b7-4357-af6f-f870243c778a,jacqueline.solutions,available,7.96,25.04,high,low,10,spaceship,,,29/09/2026 03:58
c0b4920d-d15a-4ba5-9e18-649b7615e581,milliliter.solutions,available,5.99,41.99,medium,low,10,name.com,,,11/08/2026 22:53
071aed66-9c46-4591-9517-c87ac8cea8e6,robb.solutions,available,7.96,25.04,medium,low,4,spaceship,,,28/09/2026 12:14
f612d8cd-271e-47bc-a466-4a2f79bf0b5a,pacing.solutions,available,7.96,25.04,high,low,6,spaceship,,,01/10/2026 03:12
3436b061-2368-4a5a-b0af-f3e69f1302e4,fractious.solutions,available,5.99,41.99,medium,low,9,name.com,,,18/08/2026 13:53
7d0e7ed9-fb8e-4faa-8ef6-16c0f35e2f31,have.solutions,resell,,,high,low,4,"GoDaddy.com, LLC",02/12/2024 22:01,02/12/2026 22:01,26/09/2026 06:35
98c7c66b-480b-4b6d-8f8e-cd33ad8b2a4b,teamwork.solutions,resell,,,high,low,8,"Sav.com, LLC - 2",01/03/2026 15:15,01/03/2027 15:15,30/09/2026 12:52
da06115b-01f8-4b45-9d72-13ff3911bad3,eleventh.solutions,available,,,high,low,8,,,,
7c0ee868-6679-4f25-be1c-eb8cf7a53a98,troubled.solutions,available,5.99,41.99,medium,low,8,name.com,,,14/08/2026 12:23
233e053d-4fa9-4a0d-b330-e469d7b1bce5,heartsick.solutions,available,5.99,41.99,medium,low,9,name.com,,,11/08/2026 05:30
0a0de8d1-f3f4-46c6-af28-95beb193789f,smallish.solutions,available,8.98,41.98,medium,low,8,namecheap,,,10/09/2026 11:46
4ca0bed4-2e81-4b95-b186-97d9acdd5222,reassigned.solutions,available,10.99,30.99,medium,low,10,namesilo,,,30/09/2026 16:25
d2474472-32fb-4769-816e-8b4fb7f13556,haryana.solutions,available,24.2,24.2,medium,low,7,cloudflare,,,30/09/2026 12:51
9507f7c9-8844-41c8-9481-c2fbfaa52484,belau.solutions,available,10.99,30.99,medium,low,5,namesilo,,,23/09/2026 04:30
fa4f980d-14b8-4997-9665-77bdc59518f8,slugger.solutions,available,10.99,30.99,high,low,7,namesilo,,,22/09/2026 14:18
4f02be10-fa09-4ead-a261-931ba6a15aa7,hollyhock.solutions,available,10.99,30.99,medium,low,9,namesilo,,,18/09/2026 14:54
e2958fc0-abec-4408-9a82-1c998d3ab93a,wore.solutions,available,5.99,,medium,low,4,name.com,,,
417ba030-6382-4663-9691-f2e61743ee6a,agilely.solutions,available,8.98,41.98,medium,low,7,namecheap,,,13/09/2026 18:16
fb561373-a41c-434d-a9b8-159ef008c2fa,coagulate.solutions,available,5.99,41.99,medium,low,9,name.com,,,12/08/2026 13:27
021cfd7a-e9a6-49bb-b154-cb142f5f2203,karma.solutions,resell,,,high,medium,5,,,,29/09/2026 07:24
3c2f2148-200d-4c01-a01c-f7f1e2ac78ad,fridge.solutions,available,7.96,25.04,high,low,6,spaceship,,,29/09/2026 17:57
52629087-e404-4475-8e76-31e141113c13,yiddish.solutions,available,10.99,30.99,medium,low,7,namesilo,,,01/10/2026 22:05
cb10debe-abfe-4f39-b0d3-a6a0b5ebc5b6,isomorphic.solutions,available,5.99,41.99,medium,low,10,name.com,,,22/08/2026 11:12
6cee87b6-9259-4cc0-a1c2-85fc389d082d,segmental.solutions,available,5.99,41.99,medium,low,9,name.com,,,24/08/2026 21:41
d4434a77-9cb6-46d2-8bba-a7b59c98b3be,balmy.solutions,available,8.98,41.98,high,low,5,namecheap,,,22/09/2026 08:11
2fc964aa-1c5c-47a9-9eb9-69205a242952,gilt.solutions,available,5.99,41.99,high,low,4,name.com,,,18/08/2026 23:34
847e6e2d-142c-4449-826e-1d8c7829a71e,windswept.solutions,available,8.98,41.98,medium,low,9,namecheap,,,13/09/2026 12:16
08fd589f-bcea-49bb-b309-24fe107ee713,adornment.solutions,available,10.99,30.99,high,low,9,namesilo,,,17/09/2026 09:46
1159a3fd-fcb0-4d16-ab33-4f5aa6bd3c20,tatar.solutions,available,7.96,25.04,high,low,5,spaceship,,,29/09/2026 01:41
ae476592-6f22-490e-96fb-c3f850645f3b,spidery.solutions,available,5.99,41.99,medium,low,7,name.com,,,06/08/2026 11:46
0cb609f6-9516-41c6-b3ab-3297606066c6,schismatic.solutions,available,8.98,41.98,medium,low,10,namecheap,,,09/09/2026 23:07
aec9f590-da85-4f05-9f84-241a241bb741,defect.solutions,available,8.98,41.98,high,low,6,namecheap,,,24/09/2026 05:34
cc620097-8048-4a50-870c-d9d0e4849921,acrodont.solutions,available,10.99,30.99,medium,low,8,namesilo,,,17/09/2026 03:41
04c063ba-b83b-4d70-baf2-44c936b18c45,perth.solutions,resell,,,high,low,5,"Sav.com, LLC - 20",31/08/2026 15:15,31/08/2027 15:15,26/09/2026 08:07
e17561bb-cd4c-4376-815e-35d0261407c1,contracted.solutions,available,10.99,30.99,medium,low,10,namesilo,,,23/09/2026 22:26
169bdcfb-f123-4922-9c22-cd8ddaa111dd,whiz.solutions,available,8.98,41.98,high,low,4,namecheap,,,21/09/2026 18:01
2515e6af-89d7-4acf-b76c-8ce5dd4cab2b,lottery.solutions,resell,,,high,low,7,Dynadot Inc,02/01/2026 17:00,02/01/2027 17:00,30/09/2026 03:22
fd87e899-b714-45ea-bbb8-a5124f095a10,populace.solutions,available,8.98,41.98,high,low,8,namecheap,,,09/09/2026 05:22
d532c8a9-f1e3-4095-9d1c-ae493adce3b2,jokingly.solutions,available,8.98,41.98,medium,low,8,namecheap,,,14/09/2026 17:23
158d6abe-a2f6-48a5-85cc-d8c681bc09b6,araneae.solutions,available,10.99,30.99,medium,low,7,namesilo,,,20/09/2026 00:06
04b8c82e-0336-4bbc-8713-3bad71242cf5,screwy.solutions,available,8.98,41.98,medium,low,6,namecheap,,,10/09/2026 00:08
e8dada74-ae1a-4d34-9543-8ccd35c0b44b,confederate.solutions,available,7.96,25.04,high,low,11,spaceship,,,29/09/2026 08:51
b7926eb6-8cab-46fc-bb6a-bfa4e500ab1d,ahl.solutions,available,3.6,25.23,high,low,3,porkbun,,,29/09/2026 10:25
1879f964-7c60-43ef-9b6a-3668f410eaf7,teasing.solutions,available,10.99,30.99,high,low,7,namesilo,,,22/09/2026 05:24
1bb0efe4-95f1-4f07-87be-ea866e3539ae,profiling.solutions,available,24.2,24.2,high,low,9,cloudflare,,,01/10/2026 21:21
78e8b2c6-877c-4536-b7b0-9ec70762c176,finnegan.solutions,available,7.96,25.04,medium,low,8,spaceship,,,01/10/2026 11:40
301a7dd2-00a6-4977-8298-cf18dfafb117,punily.solutions,available,8.98,41.98,low,low,6,namecheap,,,15/09/2026 22:01
8f4dadd0-a8e3-4d08-8a59-6fa1c8e81fdb,ulnar.solutions,available,8.98,41.98,medium,low,5,namecheap,,,11/09/2026 22:45
a1326567-c071-4036-9506-123c50fce920,airspace.solutions,available,10.99,30.99,high,low,8,namesilo,,,17/09/2026 22:49
4436814b-6c96-4fee-9553-7878df7024d8,moderately.solutions,available,10.99,30.99,medium,low,10,namesilo,,,25/09/2026 12:00
8b74fdc8-ce98-4585-b139-0f7e6ac4c1ab,practitioners.solutions,available,5.99,41.99,medium,low,13,name.com,,,20/09/2026 23:01
ca46ab2c-7bcb-4237-b4d7-7b000e692c29,competing.solutions,available,10.99,30.99,medium,low,9,namesilo,,,01/10/2026 10:19
79ae6415-5b9c-4616-84f4-e7535a075e7b,banneret.solutions,available,8.98,41.98,medium,low,8,namecheap,,,22/09/2026 02:54
6afeec13-868c-4164-8a28-f605113f14a0,newfound.solutions,available,8.98,41.98,medium,low,9,namecheap,,,08/09/2026 04:48
1cfeb81f-b548-490e-a99b-9a8a5bd24a79,fruiting.solutions,available,5.99,41.99,high,low,8,name.com,,,18/08/2026 17:04
a227e220-c0ee-4fb3-b923-4a584ed2309e,postmortal.solutions,available,8.98,41.98,medium,low,10,namecheap,,,09/09/2026 00:33
db31abba-fe2f-470f-b4bb-56a4eb859f51,negro.solutions,available,5.99,41.99,medium,low,5,name.com,,,03/09/2026 15:10
9635fe64-5cce-4bec-8b73-2bc1fb043666,grown.solutions,available,8.98,41.98,high,low,5,namecheap,,,08/09/2026 15:16
4cdf8bac-619b-499b-aa7d-2857fb2850de,summertime.solutions,available,10.99,30.99,high,low,11,namesilo,,,18/09/2026 00:39
12b645cc-361a-4d4e-b59f-f3bba4ef3845,outgoing.solutions,available,5.99,41.99,high,low,8,name.com,,,18/08/2026 12:37
4966fd48-698e-4cef-8da8-4cf971ac9fe0,inventive.solutions,resell,,,high,low,9,"Sav.com, LLC - 4",13/05/2026 15:15,13/05/2027 15:15,01/10/2026 15:50
ea60c1df-cb42-449c-9137-a573b99e043e,harmonise.solutions,available,8.98,41.98,high,low,9,namecheap,,,16/09/2026 22:55
5bc6425d-b478-4440-8b49-17ac973109eb,eligible.solutions,available,5.99,41.99,high,low,8,name.com,,,16/08/2026 04:35
7df0ac2b-c922-4c52-aaf6-f5814533d31b,smartphone.solutions,resell,,,high,medium,11,Dynadot Inc,09/06/2026 17:00,09/06/2027 17:00,02/10/2026 00:32
1bd1b066-9219-4e37-87eb-b6f68a1f5956,vertebrae.solutions,available,7.96,25.04,medium,low,9,spaceship,,,29/09/2026 22:57
dd014371-5363-4ec4-80db-709b0eb51f39,occurring.solutions,available,10.99,30.99,high,low,9,namesilo,,,01/10/2026 19:44
3ba39fe5-1a08-4888-a058-70d0ea975169,rabid.solutions,available,5.99,41.99,medium,low,5,name.com,,,17/08/2026 21:52
ed2ff8c5-4033-4347-a5a4-e5a34059181c,shaking.solutions,available,3.5,25.9,medium,low,7,dynadot,,,28/09/2026 09:33
815e3bf2-1d58-466f-b243-828f6de14966,sleeved.solutions,available,5.99,41.99,medium,low,7,name.com,,,10/09/2026 10:43
b6e4e755-cbec-4e7d-aee7-c0bb467f0d36,polygenic.solutions,available,8.98,41.98,medium,low,9,namecheap,,,08/09/2026 23:15
a98adca0-1edf-4251-8fef-f42fb7132f32,taunton.solutions,available,8.98,41.98,medium,low,7,namecheap,,,28/09/2026 05:05
108923e1-4c25-4202-9f00-ee80e3aaeb79,successes.solutions,available,5.99,,medium,low,9,name.com,,,
42cc1e63-6158-4712-b3d2-b680256d18c6,bagful.solutions,available,8.98,41.98,medium,low,6,namecheap,,,21/09/2026 17:57
a1edc853-b3b2-4c3b-9b40-69203274d421,casually.solutions,available,8.98,41.98,medium,low,8,namecheap,,,14/09/2026 05:25
e302ad35-ab24-41df-958c-7da296f28999,aton.solutions,available,8.98,41.98,medium,low,4,namecheap,,,20/09/2026 20:06
fddefc19-2037-4423-9d21-110d68dac943,ampoule.solutions,available,5.99,41.99,medium,low,7,name.com,,,18/09/2026 23:49
f7327b75-6ed5-4fc1-a255-e59241818f3f,fleeting.solutions,available,5.99,41.99,high,low,8,name.com,,,18/08/2026 07:51
d4280df0-7513-4411-9a5b-94dbe7e230be,amnesiac.solutions,available,5.99,41.99,medium,low,8,name.com,,,
061f8319-3126-4511-bc4a-53ff3fe3dba8,intertidal.solutions,available,5.99,41.99,medium,low,10,name.com,,,22/08/2026 08:21
4f2df476-66be-4c45-aae6-6b28cc6990e2,yearlong.solutions,available,8.98,41.98,medium,low,8,namecheap,,,13/09/2026 14:24
7b247141-c25c-4fe6-a755-8bb9b0b51961,fold.solutions,resell,,,high,low,4,"Sav.com, LLC - 28",03/07/2026 15:15,03/07/2027 15:15,28/09/2026 14:00
8eeb6f4c-015e-42dc-99ee-93ef96b019b8,bonnily.solutions,available,8.98,41.98,medium,low,7,namecheap,,,14/09/2026 01:04
438b4a3d-d750-469a-a9a2-ef8a13f1b9fe,centimeter.solutions,available,8.98,41.98,high,low,10,namecheap,,,24/09/2026 13:34
29bf7dd6-2cb7-4105-9e0d-adcef5b3b4c3,medals.solutions,available,5.99,,high,low,6,name.com,,,
85ab4b56-b5ca-47b8-b502-f6401e32b222,raining.solutions,available,10.99,30.99,high,low,7,namesilo,,,19/09/2026 11:06
f5b95a80-1b48-4470-baf8-5ba729dd61a3,everyday.solutions,resell,,,high,low,8,"Sav.com, LLC",27/02/2019 14:09,27/02/2027 14:09,26/09/2026 05:55
95a1c07e-d1d5-45b0-ac27-1ceb1c53c506,fabrics.solutions,available,8.98,41.98,medium,low,7,namecheap,,,01/10/2026 18:20
7cde9fd7-afab-4974-b7d9-ef7c0020b627,aiming.solutions,available,10.99,30.99,high,low,6,namesilo,,,28/09/2026 07:21
9b49b758-74e3-4dd5-a651-1ff2e38122ae,deficient.solutions,available,5.99,41.99,medium,low,9,name.com,,,13/08/2026 23:22
6e2b1a4f-751b-414a-8363-35d2067ec596,crispy.solutions,available,5.99,41.99,high,low,6,name.com,,,13/08/2026 07:23
91c1a7c1-1612-461f-84b0-51d7967fa924,programmer.solutions,available,7.96,25.04,high,low,10,spaceship,,,29/09/2026 06:24
b87cc896-7230-45dc-87dc-f8ee2a7d1fdd,sibling.solutions,available,7.96,25.04,high,low,7,spaceship,,,29/09/2026 20:18
50c35467-279b-4763-8aa2-67b43d501f49,brusque.solutions,available,5.99,41.99,medium,low,7,name.com,,,11/08/2026 07:02
45dba7ee-1706-4186-8d5b-5b379aeba87f,deprivation.solutions,available,7.96,25.04,medium,low,11,spaceship,,,30/09/2026 05:47
c7e47274-ccf0-475a-9333-b13633638233,adherent.solutions,available,5.99,41.99,high,low,8,name.com,,,
3fa07c47-f51a-460d-a9d6-826dca692a80,seeming.solutions,available,24.2,24.2,high,low,7,cloudflare,,,01/10/2026 18:12
b3df69bc-9278-4ddc-99e2-2d96815150de,shoulders.solutions,available,5.99,,medium,low,9,name.com,,,
34d212ce-02c6-4fc4-9e63-f165c396ec9c,cloze.solutions,available,5.99,41.99,medium,low,5,name.com,,,12/08/2026 12:54
c9cf490c-9105-4a73-a970-411f3d59c8a8,gainfully.solutions,available,8.98,41.98,medium,low,9,namecheap,,,14/09/2026 20:58
1d3240a2-0b21-445e-88e7-d585524f2072,insure.solutions,resell,,,high,low,6,,,,30/09/2026 15:27
8d1a46bf-a5b1-4118-bd16-a5ed44d5bb41,livy.solutions,available,3.5,25.9,medium,low,4,dynadot,,,29/09/2026 13:19
b0845601-4f20-4a26-8b36-b32f60f85d39,cantaloup.solutions,available,10.99,30.99,medium,low,9,namesilo,,,24/09/2026 12:08
5a160b84-6500-45dc-b1aa-076a41b4f96b,angevine.solutions,available,10.99,30.99,medium,low,8,namesilo,,,19/09/2026 06:07
6e16d05e-22a1-4806-906b-430e4784b654,belladonna.solutions,available,8.98,41.98,medium,low,10,namecheap,,,21/09/2026 00:55
3f77ca79-1419-4192-bf1d-cfd1390fb539,olympian.solutions,available,5.99,41.99,high,low,8,name.com,,,17/08/2026 16:01
494bfaff-2d86-4fde-85c9-9aadb016d64b,consultation.solutions,available,10.99,30.99,high,low,12,namesilo,,,29/09/2026 22:42
98810c16-da49-4a52-9285-2fd3ca156f21,debasement.solutions,available,10.99,30.99,medium,low,10,namesilo,,,17/09/2026 10:16
074d216c-c10f-4d31-b3bc-1d7682c0b981,liverpool.solutions,available,10.99,30.99,high,low,9,namesilo,,,29/09/2026 07:29
090fce5a-cdc3-40f4-a035-99c181996b2f,transitory.solutions,available,5.99,41.99,medium,low,10,name.com,,,17/08/2026 10:19
ae4f0b4d-4895-4693-b959-8886a161777b,stuffer.solutions,available,10.99,30.99,medium,low,7,namesilo,,,19/09/2026 08:48
5dd82e96-1e65-4ea7-8767-7232222a9eeb,almandine.solutions,available,10.99,30.99,medium,low,9,namesilo,,,18/09/2026 12:29
45041a56-b3fa-4390-9ed1-64545e6a05f6,squash.solutions,available,8.98,41.98,high,low,6,namecheap,,,28/09/2026 06:22
8035bc86-81fa-4fb1-89ed-0eb217622c68,yamamoto.solutions,available,24.2,24.2,medium,low,8,cloudflare,,,28/09/2026 19:31
af31d1df-1252-49bb-9afb-f10bfa61f807,narrates.solutions,available,8.98,41.98,medium,low,8,namecheap,,,29/09/2026 17:58
297dd8d2-1438-4c84-b24e-6ccbedd36976,underestimated.solutions,available,5.99,,low,low,14,name.com,,,
7b3f0c6c-f88a-4483-b190-d8f613fe13e8,toddler.solutions,available,7.96,25.04,high,low,7,spaceship,,,29/09/2026 00:53
0a618ff1-0859-4278-bf6b-7f36c44f0bac,awarding.solutions,available,10.5,,high,low,8,unstoppable,,,28/09/2026 23:40
07bc5820-cbe0-418e-a188-f398a3b8d32e,allegations.solutions,available,7.96,25.04,medium,low,11,spaceship,,,29/09/2026 11:36
b967a11b-b398-4ad0-b8ab-75809a679a32,harp.solutions,available,3.5,25.9,high,low,4,dynadot,,,28/09/2026 14:23
f80cfb1c-6f8d-4135-8b81-c0d35b7bcebf,easton.solutions,available,10.99,30.99,medium,low,6,namesilo,,,25/09/2026 16:33
c8dd8c75-7ab0-49fb-9662-e0ccee8ff787,athanasius.solutions,available,8.98,41.98,medium,low,10,namecheap,,,20/09/2026 20:26
57c51de9-645c-4776-8733-fb8ee161c45f,coltsfoot.solutions,available,8.98,41.98,medium,low,9,namecheap,,,23/09/2026 01:58
76d8b4f7-a8bd-4814-8a6a-95651bb1fe94,coastwise.solutions,available,5.99,41.99,medium,low,9,name.com,,,12/08/2026 14:12
43636be4-76a5-400b-b347-9a4193d47f74,energiser.solutions,available,8.98,41.98,medium,low,9,namecheap,,,19/09/2026 09:08
f768dc04-febd-41bd-89ee-73ca515a84bd,unready.solutions,available,8.98,41.98,medium,low,7,namecheap,,,12/09/2026 17:53
faecb10a-edea-42ad-a10e-00ee84ac6e43,mankind.solutions,available,8.98,41.98,high,low,7,namecheap,,,28/09/2026 02:08
11eae303-b2de-4d41-b03c-982d11f6a832,asshole.solutions,available,5.99,41.99,medium,low,7,name.com,,,08/08/2026 23:24
dd4f0232-0170-45b6-a6cf-66c427d90ef7,nsf.solutions,available,10.5,,high,low,3,unstoppable,,,28/09/2026 10:31
e5239c04-59e4-43db-b82f-546ab0bd2336,diminutive.solutions,available,5.99,41.99,high,low,10,name.com,,,08/08/2026 14:10
40921250-6659-4917-81cb-1f782da72b39,macrocosm.solutions,available,8.98,41.98,high,low,9,namecheap,,,13/09/2026 13:17
12abfd63-10d9-4b76-b3a3-88991769bf43,rong.solutions,available,10.99,30.99,low,low,4,namesilo,,,02/10/2026 02:50
53955525-b6a0-406f-9152-afea50be3725,stalked.solutions,available,8.98,41.98,medium,low,7,namecheap,,,08/09/2026 13:33
6693456a-3d5e-4718-9c44-e0cdab0a6785,suspended.solutions,available,5.99,41.99,medium,low,9,name.com,,,11/09/2026 04:55
b3b0ce66-8a64-44e1-96fb-c219b67189ba,frisch.solutions,available,7.96,25.04,medium,low,6,spaceship,,,01/10/2026 19:40
1f447d5d-3a8d-4f1b-be78-1131056eb7dd,adequacy.solutions,available,10.99,30.99,high,low,8,namesilo,,,17/09/2026 07:43
567b60d7-9110-4bd6-b604-5e64431333f4,englewood.solutions,available,10.99,30.99,medium,low,9,namesilo,,,28/09/2026 16:54
8d9bf87c-8dee-4a0d-bd2f-f673cb722eb8,protect.solutions,resell,,,high,low,7,"Sav.com, LLC - 21",27/07/2026 15:16,27/07/2027 15:16,30/09/2026 21:22
b2886869-6c2e-4570-98b9-a437d132e17a,unadjusted.solutions,available,8.98,41.98,medium,low,10,namecheap,,,11/09/2026 23:52
acf4022f-ca17-4a5f-b8c2-b05c1a42f083,nestorian.solutions,available,8.98,41.98,medium,low,9,namecheap,,,03/09/2026 15:50
ab49948c-bad1-4ed4-bc17-8cb4afc1f731,detectable.solutions,available,5.99,41.99,medium,low,10,name.com,,,14/08/2026 04:42
723aa3c2-3253-462c-9dc4-f509d5a21888,unclothed.solutions,available,8.98,41.98,medium,low,9,namecheap,,,12/09/2026 05:30
d51ece32-56a6-4be3-a5f8-ead6f1182b6a,remember.solutions,available,24.2,24.2,high,low,8,cloudflare,,,30/09/2026 09:10
f1275780-749b-4840-8bec-3e335fd6fd71,bellbird.solutions,available,10.99,30.99,medium,low,8,namesilo,,,23/09/2026 05:55
d4ba4366-7334-4205-9c74-52eace6a157f,bris.solutions,available,10.99,30.99,high,low,4,namesilo,,,23/09/2026 09:28
f92a9a08-66fc-4906-8f09-9dcd9add28e5,turgid.solutions,available,5.99,41.99,medium,low,6,name.com,,,10/08/2026 18:07
3db16cc5-b8e3-40ca-a26b-899e51b412f9,ignacio.solutions,available,10.99,30.99,medium,low,7,namesilo,,,28/09/2026 08:56
32031391-832c-4325-8465-c070b0960da6,compares.solutions,available,10.99,30.99,medium,low,8,namesilo,,,30/09/2026 15:18
cbef9133-6382-4aa3-9e48-24360dea64b1,moderato.solutions,available,5.99,41.99,medium,low,8,name.com,,,25/08/2026 02:58
67c6b415-d159-4545-8770-5e2720f56c4b,baptized.solutions,available,5.99,41.99,high,low,8,name.com,,,08/08/2026 14:55
3685e6bd-563c-4818-a752-61623fca7acc,sumptuary.solutions,available,8.98,41.98,medium,low,9,namecheap,,,11/09/2026 01:40
d8f5a5b8-48eb-41fd-b0a6-41ce79f3a66a,peevish.solutions,available,5.99,41.99,medium,low,7,name.com,,,22/08/2026 10:21
9351f7e4-c486-4ef6-aad4-e128f612ab78,treelike.solutions,available,5.99,41.99,medium,low,8,name.com,,,06/08/2026 14:01
fc570864-539e-42c0-b331-811239909fa3,memorably.solutions,available,8.98,41.98,medium,low,9,namecheap,,,15/09/2026 14:01
a06480c2-909c-4d6b-9b97-594ea122e64f,vernal.solutions,available,8.98,41.98,medium,low,6,namecheap,,,13/09/2026 04:19
15ba402c-20d9-45d0-88af-e80e690ae60c,semiliquid.solutions,available,8.98,41.98,medium,low,10,namecheap,,,10/09/2026 03:07
ff2fee23-b27b-4a31-8dc5-3eff4685a01a,downstage.solutions,available,5.99,41.99,medium,low,9,name.com,,,14/08/2026 17:53
ab47f7c7-f61d-433a-95dc-13ab0ea63f49,flow.solutions,resell,,,high,high,4,"Global Domains International, Inc. DBA DomainCostClub.com",21/06/2026 15:15,21/06/2027 15:15,26/09/2026 06:09
07433efd-08c1-4a79-8431-07e8abd3d900,pansy.solutions,available,8.98,41.98,medium,low,5,namecheap,,,09/09/2026 08:07
19965141-ef6d-4009-aa28-6b5597c0fd8d,semicircular.solutions,available,10.99,30.99,medium,low,13,namesilo,,,29/09/2026 03:26
ab117952-acd5-49f5-a9ef-701cc83e2668,biol.solutions,available,10.99,30.99,high,low,4,namesilo,,,29/09/2026 16:48
4bdef049-1f88-4c5b-b17e-62cecc29da29,birkenhead.solutions,available,10.99,30.99,medium,low,10,namesilo,,,01/10/2026 08:22
63326dd6-dac3-4a67-a785-93cade265abb,allopathic.solutions,available,5.99,41.99,medium,low,10,name.com,,,
7fc6d07b-ccb9-4bd5-a6b3-dc5771fe3327,supporters.solutions,available,24.2,24.2,high,low,10,cloudflare,,,30/09/2026 07:11
8f7b1abc-f6e9-42ba-80d7-c42e471fee4b,rant.solutions,available,8.98,41.98,high,low,4,namecheap,,,24/09/2026 03:37
60070a73-1e02-4ec3-bef9-b5495ba4866c,unfeasible.solutions,available,5.99,41.99,medium,low,10,name.com,,,21/08/2026 22:56
93c4dd16-7e1c-4423-8f9e-17b87c2e17a5,albizzia.solutions,available,10.99,30.99,medium,low,8,namesilo,,,18/09/2026 03:00
90825728-0526-45e1-840f-d615beb2b519,swanky.solutions,available,8.98,41.98,medium,low,6,namecheap,,,11/09/2026 05:15
0dcbac03-c044-4c8f-b675-5664837f834e,sacrifices.solutions,available,7.96,25.04,low,low,10,spaceship,,,28/09/2026 17:47
8a359af3-eb89-4637-8c62-21750dfaa177,astronomy.solutions,available,8.98,41.98,high,low,9,namecheap,,,20/09/2026 18:10
6bc9761f-cd9c-42b1-8420-f4d3a32a83e1,rockers.solutions,available,10.99,30.99,high,low,7,namesilo,,,23/09/2026 15:34
040400c6-1286-46f4-8983-58545050db56,robbing.solutions,available,7.96,25.04,medium,low,7,spaceship,,,28/09/2026 23:49
433cb980-faee-4a3b-a0f8-c4e1656f1be1,parting.solutions,available,10.5,,high,low,7,unstoppable,,,29/09/2026 13:17
ec72b81c-473a-4ebf-8cb7-c4d67fd65ae3,beefalo.solutions,available,8.98,41.98,medium,low,7,namecheap,,,23/09/2026 01:04
45fd32fc-9bd5-4be0-b7da-a364befc8e51,sleazy.solutions,available,5.99,41.99,medium,low,6,name.com,,,11/08/2026 09:04
69df40fd-93e3-4098-bcf8-6cc9c53df393,greenhouse.solutions,resell,,,high,low,10,"Sav.com, LLC - 16",15/08/2026 15:15,15/08/2027 15:15,26/09/2026 06:29
83db02ae-f8cc-476b-a3b3-8c386a8004ae,fatah.solutions,available,10.99,30.99,medium,low,5,namesilo,,,18/09/2026 00:27
9764eb88-7640-47bb-8804-830b03585a9c,quintette.solutions,available,5.99,41.99,medium,low,9,name.com,,,09/09/2026 09:00
912db389-0a7b-46c6-8f33-5fff8304c7ba,pectoralis.solutions,available,8.98,41.98,medium,low,10,namecheap,,,08/09/2026 12:06
519ed657-0e72-479f-af44-52e872c9b8a4,poached.solutions,available,5.99,41.99,medium,low,7,name.com,,,10/08/2026 17:34
b8e24e12-c7ce-4077-9fc7-4726fa189d5a,superstitious.solutions,available,10.99,30.99,medium,low,13,namesilo,,,29/09/2026 14:38
7128f20b-5b77-4059-9023-03f493d59f5e,refreshing.solutions,available,5.99,41.99,high,low,10,name.com,,,11/08/2026 00:37
4ce57b7e-808a-4395-bfee-15c4c6ce6d18,foreign.solutions,available,5.99,41.99,high,low,7,name.com,,,
f0354a59-8073-4a16-b31d-f5d4662ba055,underserved.solutions,available,24.2,24.2,high,low,11,cloudflare,,,30/09/2026 03:54
6abe84aa-3159-4119-ab53-01b931d8f662,angina.solutions,available,8.98,41.98,medium,low,6,namecheap,,,19/09/2026 06:08
4f256698-21a3-45fd-a294-c5615d5c2efe,grimsby.solutions,available,8.98,41.98,medium,low,7,namecheap,,,30/09/2026 04:49
f838e9fc-fd41-4341-bcc9-2a94ff4b8425,devices.solutions,available,8.98,41.98,high,low,7,namecheap,,,30/09/2026 07:45
8c596e62-c711-49e2-a0b9-4371b4ba6a11,fruitcake.solutions,available,8.98,41.98,medium,low,9,namecheap,,,10/09/2026 00:13
ffa7c989-dc3a-4330-820a-29a3b82118e5,keynes.solutions,available,10.99,30.99,medium,low,6,namesilo,,,25/09/2026 23:18
d85b3b4b-f810-49b1-aefa-fcd48b8ed94f,connectivity.solutions,resell,,,high,low,12,"Spaceship, Inc.",28/03/2014 00:49,28/03/2027 00:49,01/10/2026 17:34
3fa8e6d4-4b74-40ae-967a-e241ac6092b2,vacant.solutions,available,8.98,41.98,medium,low,6,namecheap,,,13/09/2026 00:38
40ace672-5097-4584-845a-c4c252ad5013,immovable.solutions,available,5.99,41.99,medium,low,9,name.com,,,21/08/2026 21:17
bccd6560-8b79-494b-a964-79cbfc55ea68,mahayana.solutions,available,10.5,,medium,low,8,unstoppable,,,01/10/2026 02:57
a5b57bf2-a508-49d6-953c-481ffe1101e2,fluid.solutions,resell,,,high,low,5,"Sav.com, LLC",25/06/2026 15:08,25/06/2027 15:08,26/09/2026 06:10
6883207f-2778-4d6f-8d21-e6b08c48db2c,pernicious.solutions,available,5.99,41.99,medium,low,10,name.com,,,08/08/2026 12:01
60804a99-b55d-46a6-a532-44ebad2d8493,doing.solutions,available,10.99,30.99,high,low,5,namesilo,,,25/09/2026 11:30
73c0c6f6-de5f-4346-af5b-5035c5a32b72,miller.solutions,resell,,,high,low,6,"Sav.com, LLC - 26",03/07/2026 15:15,03/07/2027 15:15,26/09/2026 07:33
c7b7b6be-7571-4ca2-88ab-e7549a71a88e,hairy.solutions,available,10.99,30.99,high,low,5,namesilo,,,24/09/2026 23:10
ae71272f-3f51-4886-9a34-1ad06f81eacd,saturnine.solutions,available,5.99,41.99,medium,low,9,name.com,,,20/08/2026 15:03
fa6b3dea-70aa-45e8-8f6f-bf775759c7a5,schonberg.solutions,available,10.99,30.99,medium,low,9,namesilo,,,20/09/2026 08:20
9690709a-6e6b-407c-9fc4-5caf4a10c669,flips.solutions,available,8.98,41.98,medium,low,5,namecheap,,,19/09/2026 20:33
013e7e7b-0022-401d-ac87-6c89d22ae896,whereas.solutions,available,7.96,25.04,high,low,7,spaceship,,,01/10/2026 00:02
eb7ba666-45f7-417e-8397-06a94d32818f,dupe.solutions,available,5.99,41.99,medium,low,4,name.com,,,12/08/2026 15:10
b0aef40f-5811-4221-ace0-13dc768875f7,reprobate.solutions,available,5.99,41.99,medium,low,9,name.com,,,14/08/2026 02:38
f2771997-986a-4862-8e72-7874350ad9d3,toroidal.solutions,available,8.98,41.98,medium,low,8,namecheap,,,11/09/2026 17:55
8c04719d-e2be-44d0-8042-85d2b049f6cc,spun.solutions,available,10.5,,medium,low,4,unstoppable,,,29/09/2026 15:59
de2863ec-b40f-4005-9957-5ca52fb2ba21,calculations.solutions,available,10.99,30.99,medium,low,12,namesilo,,,17/09/2026 02:07
3ce746e4-372d-4a23-b132-89be584b6c69,bandolier.solutions,available,10.99,30.99,medium,low,9,namesilo,,,22/09/2026 01:27
199dbad6-b8e2-4453-a853-b4e4fdbf83fa,dingy.solutions,available,5.99,41.99,medium,low,5,name.com,,,09/08/2026 09:20
dbf620d7-9a74-49c5-b066-ff1c2a92ff00,swelling.solutions,available,10.99,30.99,high,low,8,namesilo,,,24/09/2026 11:05
5227d47c-7a80-44c6-8026-3572356b953b,ballade.solutions,available,10.99,30.99,medium,low,7,namesilo,,,21/09/2026 22:41
cf0a14fd-2b9c-444d-a535-96d64cc468b7,ltd.solutions,premium,38.94,38.94,high,low,3,namesilo,,,25/09/2026 11:58
5096cd8d-8dea-4a0e-bc11-198e6c9e9474,standon.solutions,available,5.99,,medium,low,8,name.com,,,
6c713eba-8ff3-4e6a-a4ae-2116c6fc1172,flawed.solutions,available,5.99,41.99,medium,low,6,name.com,,,18/08/2026 07:18
189e8ad3-dfe8-4ce7-9b1f-5596b28a4530,earful.solutions,available,8.98,41.98,medium,low,6,namecheap,,,22/09/2026 17:11
bcf941bb-e01c-4aed-a4fe-240cdffc9744,waco.solutions,available,7.96,25.04,high,low,4,spaceship,,,28/09/2026 06:51
de8e56b1-cbdc-44c6-be04-64e362885c47,bulk.solutions,resell,,,high,low,4,"Sav.com, LLC",26/03/2020 11:02,26/03/2027 11:02,29/09/2026 05:21
437b2abb-631f-4735-9364-281fc060f161,acer.solutions,available,10.99,30.99,high,low,4,namesilo,,,16/09/2026 23:32
05082177-80ae-4b3f-a4e3-8850df83757c,tantalize.solutions,available,8.98,41.98,medium,low,9,namecheap,,,21/09/2026 19:52
e413126e-c0e8-4a56-808a-4fcb561adf11,assort.solutions,available,10.99,30.99,high,low,6,namesilo,,,17/09/2026 14:23
b9a38076-6c3d-412d-9306-216ccc276e31,propane.solutions,premium,,,high,low,7,,,,01/10/2026 21:22
941db3fa-3f6b-4c6e-a403-87d8f7745203,firstborn.solutions,available,5.99,41.99,high,low,9,name.com,,,16/08/2026 02:17
bf050253-ba19-427c-9159-949d46235eb0,diachronic.solutions,available,5.99,41.99,medium,low,10,name.com,,,14/08/2026 05:38
9cdadb0a-e5a3-4474-825b-1624a51eb136,luzerne.solutions,available,8.98,41.98,medium,low,7,namecheap,,,30/09/2026 14:00
28f8bbd3-39c9-4099-bd55-d940b65516ed,harassing.solutions,available,10.5,,medium,low,9,unstoppable,,,30/09/2026 12:18
6045502b-4afb-400d-ace7-467b0ad8bfa8,lettered.solutions,available,5.99,41.99,medium,low,8,name.com,,,22/08/2026 16:54
3acd7abc-3054-47ca-914b-3b381fbaae18,commence.solutions,available,10.99,30.99,high,low,8,namesilo,,,23/09/2026 02:22
f3b82209-4634-4818-9bb3-ca6de7e73842,ostensible.solutions,available,8.98,41.98,medium,low,10,namecheap,,,04/09/2026 18:29
b82d677e-316c-4b56-96cf-6a31ae6a7dde,alcaic.solutions,available,8.98,41.98,medium,low,6,namecheap,,,18/09/2026 03:46
f941af03-8714-441b-a62b-81be15c58399,apadana.solutions,available,10.99,30.99,medium,low,7,namesilo,,,19/09/2026 16:10
4211a6ef-0832-4246-80e5-96e9bf4ba719,protesting.solutions,available,3.5,25.9,medium,low,10,dynadot,,,29/09/2026 08:58
31b59bdf-a851-4da4-9edd-fff81504c7aa,participated.solutions,available,24.2,24.2,medium,low,12,cloudflare,,,29/09/2026 23:55
ecabefa9-5319-4877-9703-4ae59f4f0cec,ratty.solutions,available,5.99,41.99,medium,low,5,name.com,,,25/08/2026 06:53
1c6d68f2-c54e-4399-a6e7-82a0aaf92ffc,cockcrow.solutions,available,8.98,41.98,medium,low,8,namecheap,,,11/09/2026 02:11
2f97db95-fde1-412e-af24-a5bacf5bbaa2,bail.solutions,available,8.98,41.98,high,low,4,namecheap,,,21/09/2026 18:59
77daf54d-0e1c-4601-a479-941954749924,disturb.solutions,available,3.6,25.23,high,low,7,porkbun,,,30/09/2026 14:01
f15ea985-ffd2-46f8-91a0-48c430e6c7d2,endure.solutions,available,5.99,41.99,high,low,6,name.com,,,11/08/2026 02:41
9877cb0f-095a-4c5c-be19-6aeb88061d4f,zend.solutions,available,5.99,41.99,medium,low,4,name.com,,,07/08/2026 23:12
7c3bee5e-b6a2-4a57-a620-f8b1cbb8427e,phrenetic.solutions,available,5.99,41.99,low,low,9,name.com,,,18/08/2026 14:19
516208f3-dffd-4333-8e7b-cad42f6d6c79,terrorists.solutions,available,8.98,41.98,low,low,10,namecheap,,,27/09/2026 03:16
dec24c18-d655-4684-ad95-9bde3561237c,fit.solutions,premium,128.7,128.7,high,medium,3,namecheap,,,24/09/2026 18:48
c8f1b5b7-3076-436c-abd4-9c11061b180a,texture.solutions,available,10.5,,high,low,7,unstoppable,,,28/09/2026 20:37
55761541-2cf5-49d7-add7-6e5269663afb,washington.solutions,resell,,,high,low,10,"Spaceship, Inc.",26/03/2014 16:32,26/03/2027 16:32,28/09/2026 20:59
ce2082d3-9e80-412a-8f0a-fa28056b678d,feckless.solutions,available,5.99,41.99,medium,low,8,name.com,,,18/08/2026 00:31
5b3b4b6b-24a7-49a3-84b5-48304fae9e49,wharton.solutions,available,10.99,30.99,high,low,7,namesilo,,,25/09/2026 22:32
737f8bb0-7716-40e8-a486-ca5324d910bf,applicants.solutions,available,7.96,25.04,medium,low,10,spaceship,,,30/09/2026 16:22
b4ed561a-e126-4e18-81c5-1575107611ef,hadley.solutions,available,3.5,25.9,medium,low,6,dynadot,,,27/09/2026 20:44
e1de3481-3496-411f-b408-f78ea27fe63d,downloaded.solutions,available,24.2,24.2,medium,low,10,cloudflare,,,30/09/2026 23:49
26400141-3d59-418e-a8fd-06a9c76710b5,bloomington.solutions,available,10.99,30.99,medium,low,11,namesilo,,,27/09/2026 08:15
d0942452-423c-4cfc-b4c7-2edb7cce366e,steven.solutions,available,8.98,41.98,high,low,6,namecheap,,,25/09/2026 12:12
106d1557-635f-40ec-91e1-72b948218508,shiatsu.solutions,available,5.99,41.99,high,low,7,name.com,,,17/09/2026 05:40
06a2a27e-3bce-4c64-9420-1d632b4d6852,jorge.solutions,available,10.99,30.99,high,low,5,namesilo,,,25/09/2026 13:21
dbce5f93-4daf-4c62-9fc2-8a223f1e44b2,outdated.solutions,available,10.99,30.99,medium,low,8,namesilo,,,26/09/2026 03:15
adfef6d9-41fb-4d16-92d3-680e9b0aae94,ajax.solutions,resell,,,high,low,4,Tucows Domains Inc.,03/04/2020 21:40,03/04/2027 21:40,26/09/2026 01:28
a6124a84-d90e-4e58-9a77-5ee96dbb6dcb,apostle.solutions,available,8.98,41.98,high,low,7,namecheap,,,19/09/2026 19:18
3589aa4c-77a5-4ce1-8f08-2b3779a2120c,devilish.solutions,available,5.99,41.99,medium,low,8,name.com,,,14/08/2026 05:06
022e004f-bef4-4f41-8443-9d14547da629,jot.solutions,premium,118.8,118.8,high,low,3,namesilo,,,30/09/2026 00:55
792be647-0d92-4b1b-9014-7efd16c2aa25,kirkwood.solutions,available,3.6,25.23,medium,low,8,porkbun,,,29/09/2026 10:55
c9432075-3541-4c1e-a9bb-eb11cb325ffa,convolve.solutions,available,5.99,41.99,medium,low,8,name.com,,,13/08/2026 00:01
fa91a0c3-b551-4b9d-bb57-e959259fea08,roiled.solutions,available,5.99,41.99,medium,low,6,name.com,,,
eacfe328-2e59-4323-94b2-6028e7016c0f,plainly.solutions,available,8.98,41.98,high,low,7,namecheap,,,08/09/2026 20:28
691768b9-5653-497b-b87e-d598137b8dac,xerxes.solutions,available,10.5,,medium,low,6,unstoppable,,,01/10/2026 16:35
1ee944d1-f8c5-462a-b8e1-87be7234f4da,wreckage.solutions,available,7.96,25.04,medium,low,8,spaceship,,,29/09/2026 08:20
a6062e45-95cf-4981-a616-2a82c068286f,deseret.solutions,available,10.5,,medium,low,7,unstoppable,,,01/10/2026 23:59
adf0dfd4-846f-4f02-b71d-3cb9fbbd6c0d,booted.solutions,available,10.99,30.99,medium,low,6,namesilo,,,22/09/2026 23:43
11d335b3-b6b4-4b15-b5a3-f28497b5309e,beanie.solutions,available,8.98,41.98,high,low,6,namecheap,,,22/09/2026 20:31
40ee7142-4655-4ea0-a05f-df4c3b8a6d9f,drum.solutions,resell,,,high,low,4,"Sav.com, LLC - 45",11/05/2026 15:15,11/05/2027 15:15,26/09/2026 05:42
8345653e-4844-4e88-bb5a-4a32d1d8d695,darfur.solutions,available,10.99,30.99,medium,low,6,namesilo,,,30/09/2026 01:45
24146368-c2c1-41e4-b9ed-87983427645e,prick.solutions,available,5.99,41.99,medium,low,5,name.com,,,08/08/2026 23:38
5118f9ed-1c31-43ba-8522-30e7fec5214d,cashiers.solutions,available,10.99,30.99,medium,low,8,namesilo,,,20/09/2026 14:34
69737de6-3e67-4865-885d-9b683e1e50f3,chamomile.solutions,available,10.99,30.99,high,low,9,namesilo,,,19/09/2026 13:01
7a8be2c9-c229-4293-adb7-9c1d5289ef33,petrified.solutions,available,7.96,25.04,medium,low,9,spaceship,,,01/10/2026 05:17
d2ce91c3-a7c3-490f-9384-b0b22f7c5a8f,atrial.solutions,available,5.99,41.99,low,low,6,name.com,,,07/08/2026 14:24
bf428bf9-41f1-4789-9f6e-38320d0b4897,moroccan.solutions,available,5.99,41.99,high,low,8,name.com,,,24/08/2026 16:17
9076edfe-c2f3-4588-a1e2-f49ffcaef9c7,windblown.solutions,available,8.98,41.98,medium,low,9,namecheap,,,13/09/2026 12:08
e15195d0-782f-47e1-9ce7-16b4f0a1379c,uncut.solutions,available,8.98,41.98,high,low,5,namecheap,,,12/09/2026 06:52
61ab4d1b-439a-4850-830f-6c3462f4fac6,crosswise.solutions,available,5.99,41.99,medium,low,9,name.com,,,13/08/2026 08:23
ad013260-b88e-4d5c-b30a-879617ff56b7,decently.solutions,available,5.99,41.99,medium,low,8,name.com,,,13/08/2026 21:14
752723c1-d967-4cf8-9351-ad7d9ad4db11,buttercup.solutions,available,10.99,30.99,high,low,9,namesilo,,,24/09/2026 11:18
85a0bc4c-cf32-48ff-aa60-c9a12f0dce6d,forcing.solutions,available,3.5,25.9,medium,low,7,dynadot,,,28/09/2026 12:56
d62bc15b-af9f-471d-bf0a-f78b55f8b91e,color.solutions,resell,,,high,low,5,"Sav.com, LLC",09/06/2017 09:01,09/06/2027 09:01,26/09/2026 05:07
8a0427ad-584b-4aa3-8b98-914a0804b6e4,killers.solutions,available,8.98,41.98,medium,low,7,namecheap,,,27/09/2026 11:04
a9ac72ec-5d52-4374-b1a8-3ec1d26e2e2a,vendue.solutions,available,10.99,30.99,medium,low,6,namesilo,,,21/09/2026 02:46
05dc375c-3513-4325-bb1e-f34c1b14d3cc,adenovirus.solutions,available,5.99,41.99,medium,low,10,name.com,,,17/09/2026 07:41
a19813c0-9fe0-4fc4-9863-6a677a7bfcf9,washes.solutions,available,10.99,30.99,medium,low,6,namesilo,,,20/09/2026 04:54
2467fd1f-dfce-4c0c-b7ab-ac17e6a1a3e3,buses.solutions,available,10.99,30.99,medium,low,5,namesilo,,,18/09/2026 13:34
7de730f3-1fa4-4192-9b81-13380ea4d4df,breadfruit.solutions,available,10.99,30.99,high,low,10,namesilo,,,20/09/2026 11:57
2c483a5a-d1bf-4a8d-b176-6de3462e2ae6,hydropower.solutions,available,10.5,,high,low,10,unstoppable,,,29/09/2026 10:23
a2b41d40-eb27-40cc-ace5-d5c9e02ef07c,pureblood.solutions,available,8.98,41.98,medium,low,9,namecheap,,,08/09/2026 13:00
beddde6f-7f9f-4a4f-a5e3-6be31d2d2691,pianos.solutions,available,8.98,41.98,medium,low,6,namecheap,,,20/09/2026 09:12
a8a1033e-318b-4d7d-b62b-1fa1985abd05,mall.solutions,resell,,,high,low,4,"GoDaddy.com, LLC",28/04/2025 20:25,28/04/2027 20:25,30/09/2026 03:46
169eccc8-2cf9-4e59-ac83-744d7e4251f0,inhibit.solutions,available,10.5,,high,low,7,unstoppable,,,30/09/2026 16:14
c5afb02f-dbe9-46e1-90de-989ab496848b,icelandic.solutions,available,5.99,41.99,high,low,9,name.com,,,21/08/2026 17:45
6d8cf82e-6308-4c94-b00b-915c8b99594f,nodding.solutions,available,5.99,41.99,high,low,7,name.com,,,12/08/2026 00:48
f0017f1c-28af-4e32-855e-436935ec4211,drone.solutions,resell,,,high,medium,5,"Spaceship, Inc.",23/03/2014 16:00,23/03/2027 16:00,26/09/2026 05:42
61043a40-1964-4574-bc0d-608f30853f72,involving.solutions,available,5.99,,medium,low,9,name.com,,,
cef48e65-f123-4408-8fe4-f8e24f509182,capricious.solutions,available,5.99,41.99,medium,low,10,name.com,,,11/08/2026 18:04
c4073971-ffec-494c-968b-8db97fc143ed,bicorn.solutions,available,5.99,41.99,medium,low,6,name.com,,,09/08/2026 19:30
3648f328-498f-49e6-afae-8f56ab6fc294,taped.solutions,available,5.99,41.99,medium,low,5,name.com,,,11/09/2026 08:15
39e47594-53e9-478a-9ff0-e20a35ba7ede,fla.solutions,available,,,high,low,3,,,,
316f841f-5963-4c0c-a7fb-4724948df2c7,gomad.solutions,available,10.99,30.99,medium,low,6,namesilo,,,20/09/2026 00:44
ec0ee28a-07f3-40ed-ad8e-9a7d681bf0fd,airplanes.solutions,available,7.96,25.04,medium,low,9,spaceship,,,28/09/2026 22:55
092950eb-260c-43f8-a8c3-73d6ac657ea5,cancel.solutions,available,24.2,24.2,medium,low,6,cloudflare,,,29/09/2026 06:25
e25e3905-8b4e-47ef-89a9-a441cddd8bda,slipping.solutions,available,8.98,41.98,medium,low,8,namecheap,,,10/09/2026 11:05
327c95b5-7f80-4e2b-a83e-780f0eaa7b3a,emporium.solutions,resell,,,high,low,8,,,,29/09/2026 02:36
94dc5d57-8aa2-4e4f-b7a8-6360f741e265,mutely.solutions,available,8.98,41.98,low,low,6,namecheap,,,15/09/2026 15:47
b77bf03f-9c40-490a-88f4-70a0d5f415ad,pernickety.solutions,available,8.98,41.98,medium,low,10,namecheap,,,08/09/2026 17:52
da907ce2-bfad-4e29-aace-91b05cb15938,octet.solutions,available,5.99,41.99,high,low,5,name.com,,,
2920f9ac-a53d-4578-85e8-0cb46ea3391e,motivation.solutions,available,10.99,30.99,high,low,10,namesilo,,,25/09/2026 21:49
9d709ff5-cdea-43be-9478-737cd704fad1,placed.solutions,available,8.98,41.98,high,low,6,namecheap,,,25/09/2026 14:13
d3ac3580-3d8d-4863-a1bc-ad0029e6044d,anthemis.solutions,available,5.99,41.99,medium,low,8,name.com,,,19/09/2026 12:57
8804db0f-0faf-4ce5-86d0-df213334e10e,condolences.solutions,available,7.96,25.04,high,low,11,spaceship,,,01/10/2026 09:43
ca0d921c-17a7-4120-b908-dde48baea156,vehicular.solutions,available,8.98,41.98,medium,low,9,namecheap,,,13/09/2026 01:48
2b06e2dd-8f84-430d-b4a4-bcdf207b7b9f,mostly.solutions,available,10.99,30.99,high,low,6,namesilo,,,28/09/2026 13:39
7b4a0a5a-35c9-42b3-8ff7-fe07e4919701,doxepin.solutions,available,10.99,30.99,medium,low,7,namesilo,,,17/09/2026 06:25
f3cecf27-7348-4abd-af9b-7fd411f2eacf,exogenous.solutions,available,5.99,41.99,medium,low,9,name.com,,,17/08/2026 17:33
c7581573-9f2f-4fcb-859a-33ab2ba7cde9,rhiannon.solutions,available,5.99,,high,low,8,name.com,,,
2aadec41-ffa9-4781-89c8-d660187f0c55,allocator.solutions,available,8.98,41.98,high,low,9,namecheap,,,18/09/2026 11:47
1d6cf588-867a-4d87-988a-2d723b3b0f28,colorfast.solutions,available,5.99,41.99,medium,low,9,name.com,,,12/08/2026 17:50
65662e1f-5764-4f7e-adad-48c4be81ede4,appearances.solutions,available,24.2,24.2,low,low,11,cloudflare,,,28/09/2026 23:35
a23d313d-f533-4aa7-988d-17224d7d0d69,malaysian.solutions,available,5.99,41.99,high,low,9,name.com,,,24/08/2026 13:46
0491c485-6e76-46dc-a28c-27de3046a4e3,drug.solutions,premium,118.8,118.8,high,low,4,namesilo,,,25/09/2026 00:15
763a2e75-3a32-4693-9dd3-3c82b9f1a78a,smallpox.solutions,available,3.5,25.9,medium,low,8,dynadot,,,29/09/2026 02:12
b0ed4647-bd44-4650-9599-f89f7ff63a4c,gerd.solutions,available,24.2,24.2,medium,low,4,cloudflare,,,30/09/2026 13:04
71edee02-c0ed-46e8-85e9-2bf736cf2930,neglected.solutions,available,5.99,41.99,medium,low,9,name.com,,,21/08/2026 18:36
cedbdcbe-3300-439a-b93d-611ff27ecaa1,peking.solutions,available,10.99,30.99,high,low,6,namesilo,,,23/09/2026 04:13
c1fff5f4-82b6-413b-ba05-3b1526e9664b,amateurs.solutions,available,7.96,25.04,medium,low,8,spaceship,,,29/09/2026 00:10
6e9edebc-f379-49d6-a7ea-b55d1031c80a,sumatran.solutions,available,8.98,41.98,medium,low,8,namecheap,,,11/09/2026 01:31
f404a08c-b7e2-4bcc-b6a0-423a6e3965df,mixologist.solutions,available,10.99,30.99,medium,low,10,namesilo,,,22/09/2026 06:27
30296e05-2ec8-4094-8ecd-ecace86eddff,lyman.solutions,available,10.99,30.99,medium,low,5,namesilo,,,27/09/2026 08:10
994981b4-9a1c-463c-9bfa-e9d9deef659f,rug.solutions,premium,200.5,,high,low,3,unstoppable,,,28/09/2026 09:14
502d0986-0b9e-4d59-b74b-00d2d8df3272,baltic.solutions,resell,,,high,low,6,"Sav.com, LLC - 3",13/09/2026 15:15,13/09/2027 15:15,26/09/2026 04:14
1ca6cc81-82e8-4a8c-907f-15d28ce92dc7,weismann.solutions,available,10.99,30.99,medium,low,8,namesilo,,,21/09/2026 03:48
ccbbd422-395b-442e-99a2-adb2531b1fb6,uveous.solutions,available,8.98,41.98,low,low,6,namecheap,,,13/09/2026 00:24
7953d910-43ea-4f0f-8ab5-bcd39f93982b,peasant.solutions,available,5.99,41.99,high,low,7,name.com,,,11/08/2026 07:35
af0e93c1-1781-4a8a-8ff2-366827171046,melee.solutions,available,10.99,30.99,medium,low,5,namesilo,,,22/09/2026 16:23
870cb53c-7216-4011-b220-863b6a9d1124,bidding.solutions,available,10.99,30.99,high,low,7,namesilo,,,23/09/2026 13:29
80e3522e-4f4f-4064-b605-907d971c71f8,rages.solutions,available,8.98,41.98,low,low,5,namecheap,,,20/09/2026 11:24
15f4fffc-0a28-4e13-8771-f8979b63841b,polities.solutions,available,8.98,41.98,low,low,8,namecheap,,,02/10/2026 02:06
1338230b-7996-4d9a-8786-37f99fd2dda2,monogenic.solutions,available,5.99,41.99,medium,low,9,name.com,,,25/08/2026 05:13
5c57207a-fc91-4523-8946-f253944a0c39,charging.solutions,resell,,,high,low,8,,,,28/09/2026 04:40
a60578bc-7cdd-4f70-af80-ee1c0864a6f1,syrup.solutions,available,10.5,,high,low,5,unstoppable,,,28/09/2026 06:44
1a82d084-414c-481d-8865-0b8788883fac,megabucks.solutions,available,5.99,41.99,high,low,9,name.com,,,23/09/2026 14:11
9addc21e-3b9c-4f46-80f0-f86449dfcc2b,rattling.solutions,available,5.99,41.99,high,low,8,name.com,,,11/08/2026 04:30
3aa66c58-3b6a-4338-b43e-87363b48fac3,mentorship.solutions,available,10.5,,high,low,10,unstoppable,,,02/10/2026 02:09
44dd242c-de83-44c8-bb81-55e73331c3d6,mute.solutions,available,5.99,41.99,high,low,4,name.com,,,13/08/2026 16:51
8ed06bbd-38fd-4dc9-b8cd-8826aee14860,acarina.solutions,available,8.98,41.98,medium,low,7,namecheap,,,16/09/2026 21:31
38899fe0-9e92-4457-af8f-95573ab34fbe,chromosome.solutions,available,24.2,24.2,medium,low,10,cloudflare,,,30/09/2026 09:09
3275a45a-7d7a-4c10-9efc-08754acdd0c5,collapsing.solutions,available,8.98,41.98,low,low,10,namecheap,,,20/09/2026 17:39
81803e40-26b5-41e7-8e4f-2b480eaccb42,amplifies.solutions,available,5.99,41.99,medium,low,9,name.com,,,17/09/2026 20:54
4bfbb166-d297-437f-b8bf-214ee1b20437,crinkle.solutions,available,5.99,41.99,medium,low,7,name.com,,,13/08/2026 07:16
953feee2-0a1e-4543-97ab-4d03692ca9b5,paltry.solutions,available,5.99,41.99,medium,low,6,name.com,,,24/08/2026 18:25
18daf6f2-19f1-418e-a392-5cff47e104e0,cases.solutions,available,10.99,30.99,medium,low,5,namesilo,,,17/09/2026 16:31
190a7cea-1caf-4a6b-b720-4de876ce4390,inhalant.solutions,available,5.99,41.99,high,low,8,name.com,,,22/08/2026 05:02
86e49509-89fe-4a64-a6de-137fa103f7b3,precise.solutions,resell,,,high,low,7,"Sav.com, LLC - 10",18/08/2024 17:00,18/08/2027 17:00,27/09/2026 04:53
db887437-4473-4b60-b60c-d1f89d84efb4,sleepless.solutions,available,5.99,41.99,medium,low,9,name.com,,,22/08/2026 07:24
31735861-ec50-4025-b6b4-aa4a274d5394,obdurate.solutions,available,5.99,41.99,medium,low,8,name.com,,,13/08/2026 12:15
252b6b8b-8c66-426b-9e61-1860b3d8b20a,sulfuric.solutions,available,5.99,41.99,medium,low,8,name.com,,,11/09/2026 01:29
d2b7a627-6aa1-45ab-a5d4-085e5b7d8bb1,stains.solutions,available,10.99,30.99,medium,low,6,namesilo,,,29/09/2026 22:47
844b8802-22db-4cbc-8e5f-75a55b351e90,researched.solutions,available,10.99,30.99,medium,low,10,namesilo,,,01/10/2026 00:58
da64d069-1a6c-4802-83ea-d49501b90d1a,conway.solutions,available,8.98,41.98,high,low,6,namecheap,,,25/09/2026 21:36
43951b44-12e5-4053-83b8-6ebb49cd8105,dire.solutions,available,5.99,41.99,medium,low,4,name.com,,,14/08/2026 08:44
996e6f75-7439-491f-8adc-9519d04613d2,poured.solutions,available,10.99,30.99,medium,low,6,namesilo,,,18/09/2026 02:28
70d22a5d-3085-4e8b-85fa-80b4b13eb05c,settling.solutions,available,10.5,,medium,low,8,unstoppable,,,28/09/2026 20:24
5a125099-1dae-4fd3-983e-fe0ebfa5f76c,seditious.solutions,available,5.99,41.99,medium,low,9,name.com,,,22/08/2026 01:29
b56871ee-5249-4eb7-b298-e1fda6d54054,advantages.solutions,available,8.98,41.98,medium,low,10,namecheap,,,17/09/2026 07:07
7086d84b-204e-49e3-9904-5a23e59b2bcb,potently.solutions,available,8.98,41.98,medium,low,8,namecheap,,,15/09/2026 21:07
512b2972-d416-4d7d-a3d6-2fa70a22fcb9,effulgent.solutions,available,5.99,41.99,medium,low,9,name.com,,,15/08/2026 16:23
5b33d3a6-9ed1-48b7-861c-f1e98a54845f,abbe.solutions,available,10.99,30.99,medium,low,4,namesilo,,,16/09/2026 14:22
2253def4-5694-46d6-bbcf-7008e584b64e,allowing.solutions,available,7.96,25.04,medium,low,8,spaceship,,,28/09/2026 08:42
5b282ae7-30b0-4692-b7b6-ce516331b914,stilwell.solutions,available,10.5,,medium,low,8,unstoppable,,,01/10/2026 20:11
9dc5edfe-4d88-43d5-8563-967110a684b6,suarez.solutions,available,3.5,25.9,medium,low,6,dynadot,,,30/09/2026 05:29
48ef3dca-988c-41cf-88e0-5d570e6da677,catalonia.solutions,available,10.5,,medium,low,9,unstoppable,,,28/09/2026 09:16
ef4a6bd0-234b-4350-b93f-51acc68a7ca9,hubei.solutions,available,24.2,24.2,medium,low,5,cloudflare,,,30/09/2026 13:23
06e9427b-9cf2-4df3-8ac8-6ed7aeaeda3b,editing.solutions,available,7.96,25.04,high,low,7,spaceship,,,28/09/2026 13:57
315b93b5-6e32-4663-8ef0-4571cc7151e1,agrees.solutions,available,24.2,24.2,medium,low,6,cloudflare,,,28/09/2026 12:39
637f29a5-89df-4fda-94e6-79df2bb3fd37,seventy.solutions,available,5.99,41.99,medium,low,7,name.com,,,
8ca49f4c-2131-4545-ac73-31370036b6f9,nitric.solutions,available,5.99,41.99,medium,low,6,name.com,,,08/08/2026 02:58
cbbe07f6-805b-4ed5-b473-eb162ef6d4e5,minimum.solutions,available,8.98,41.98,high,low,7,namecheap,,,25/09/2026 20:24
880e7f1d-ff0c-4313-a987-cc0d11ca32e6,cleavage.solutions,available,10.99,30.99,high,low,8,namesilo,,,24/09/2026 15:29
476e9639-7bfd-4f81-b75c-f3cb8b75d820,inflexible.solutions,available,5.99,41.99,medium,low,10,name.com,,,22/08/2026 04:32
c33442cc-3c42-42bf-ae72-bf7efa37a61c,antonym.solutions,available,8.98,41.98,medium,low,7,namecheap,,,04/09/2026 16:48
d44a93f1-b306-44d0-818c-8d9547c1629d,hitchcock.solutions,available,10.99,30.99,high,low,9,namesilo,,,18/09/2026 06:32
897601d5-63e3-476c-8509-9792db0e7c3b,jun.solutions,premium,,,high,low,3,,,,29/09/2026 15:18
9980433f-142d-4071-9baa-5a200d77b8c6,recognizing.solutions,available,3.6,25.23,medium,low,11,porkbun,,,30/09/2026 23:30
d1b56c6b-07a1-45f5-bbf0-728a1f634c9b,baritone.solutions,available,5.99,41.99,medium,low,8,name.com,,,08/08/2026 19:36
94127579-7abd-4ded-b97b-ff623592b57c,tina.solutions,resell,,,high,low,4,Dynadot Inc,18/01/2026 17:00,18/01/2027 17:00,26/09/2026 09:38
928290e2-7fbb-44fe-bbc7-6288ed9ece9c,staged.solutions,available,8.98,41.98,high,low,6,namecheap,,,10/09/2026 18:02
2fb2170f-78ea-4353-aaa1-567cebbd1474,swearing.solutions,available,10.5,,medium,low,8,unstoppable,,,30/09/2026 01:12
3222b44b-9f27-4143-82dc-0994bddc7908,tainted.solutions,available,8.98,41.98,medium,low,7,namecheap,,,11/09/2026 07:12
e1320d3f-bbd1-4f6d-80d6-cdfa8cae2067,trish.solutions,available,10.99,30.99,high,low,5,namesilo,,,02/10/2026 00:26
ff0a3d17-0682-458e-88a9-596e4611f887,conventions.solutions,available,24.2,24.2,medium,low,11,cloudflare,,,29/09/2026 16:17
a4855193-bdca-4ba9-92a9-6cb77a1c4a06,coordinator.solutions,available,10.99,30.99,high,low,11,namesilo,,,30/09/2026 15:36
7a1b575f-138e-48e8-9cbe-7ae9ebe4b04f,hopefully.solutions,available,3.5,25.9,high,low,9,dynadot,,,28/09/2026 15:15
a734ba22-9fd6-4547-9281-c082235d7b0d,dame.solutions,available,8.98,41.98,high,low,4,namecheap,,,24/09/2026 20:56
48ed64d1-ea72-4807-a929-d7224422bf86,bionics.solutions,available,8.98,41.98,high,low,7,namecheap,,,23/09/2026 18:40
d39e6183-284f-4946-bac1-5c015e6270cf,scold.solutions,available,10.99,30.99,high,low,5,namesilo,,,24/09/2026 16:34
bab48108-eed5-4eb0-b9dd-249bd62ca79a,medina.solutions,available,10.99,30.99,high,low,6,namesilo,,,18/09/2026 01:29
d32b4e1f-21d0-4af7-a570-44b2391ecd22,scurrilous.solutions,available,5.99,41.99,medium,low,10,name.com,,,
b82a36a5-faef-4f11-a912-4fcbe44791dd,perfectly.solutions,available,7.96,25.04,high,low,9,spaceship,,,28/09/2026 11:37
2e4b1c54-6114-4b59-8291-55ffdec6b832,elbert.solutions,available,8.98,41.98,medium,low,6,namecheap,,,30/09/2026 05:08
b1c2f257-1b25-4733-aff3-41213bafc7a2,quitting.solutions,available,10.99,30.99,medium,low,8,namesilo,,,17/09/2026 01:45
27d2f4b6-d54d-4a76-a115-df44d30b5988,attempted.solutions,available,5.99,41.99,medium,low,9,name.com,,,07/08/2026 15:12
efdd337b-7229-41cf-afae-1e45b4f8957a,hester.solutions,available,24.2,24.2,medium,low,6,cloudflare,,,28/09/2026 03:59
28b1f39b-c5b2-4912-bda9-3c8ba05ef458,atavist.solutions,available,8.98,41.98,medium,low,7,namecheap,,,11/09/2026 14:58
7a1373a7-c8f0-4a2a-b706-863ec9aae937,alga.solutions,available,10.99,30.99,medium,low,4,namesilo,,,18/09/2026 06:47
328c1b0b-0d3e-409d-999e-881a65a09856,payments.solutions,resell,,,high,low,8,Dynadot Inc,23/06/2026 17:00,23/06/2027 17:00,26/09/2026 08:04
3303591c-5b14-4da9-afab-fd71bbfc23f8,levodopa.solutions,available,10.99,30.99,high,low,8,namesilo,,,23/09/2026 07:46
1efb9350-73be-4a26-8764-1871dfdd4b27,graeme.solutions,available,10.5,,medium,low,6,unstoppable,,,29/09/2026 03:58
25b08fae-5992-4085-9207-c52ffae03214,hauteur.solutions,available,10.99,30.99,medium,low,7,namesilo,,,20/09/2026 09:20
d63d3d11-dafb-4862-8bf8-d98d87b82d2f,montenegrin.solutions,available,7.96,25.04,high,low,11,spaceship,,,29/09/2026 21:21
c4bd7d96-8b56-4863-9505-7e9aa24c1da4,flowered.solutions,available,5.99,41.99,high,low,8,name.com,,,18/08/2026 08:56
237b135f-0a07-456a-bff5-c09d798cc102,combed.solutions,available,5.99,41.99,medium,low,6,name.com,,,12/08/2026 18:33
4a202737-7094-4768-a178-0efbb69cc9b0,termination.solutions,available,8.98,41.98,high,low,11,namecheap,,,04/09/2026 07:49
bd303844-93b0-4714-8f55-3e09fe50b2db,doomed.solutions,available,5.99,41.99,medium,low,6,name.com,,,14/08/2026 15:57
2c0797d9-9615-4f39-98e5-022bb06cc535,wordy.solutions,available,5.99,41.99,medium,low,5,name.com,,,24/08/2026 09:32
cb1397ad-46b9-4c03-9504-175f0b70273a,thicker.solutions,available,10.5,,medium,low,7,unstoppable,,,29/09/2026 16:25
dc6725c4-79c7-4fb8-89b7-9d05f3ef8ce6,stretched.solutions,available,8.98,41.98,medium,low,9,namecheap,,,10/09/2026 22:34
b2e75417-bd39-4e3b-9ba4-6324466ce24b,cancer.solutions,resell,,,high,medium,6,"Go China Domains, LLC",26/03/2014 16:00,26/03/2027 16:00,29/09/2026 06:28
23a727d3-2024-468e-9f04-fbdd38f54b4a,incumbent.solutions,available,5.99,41.99,high,low,9,name.com,,,22/08/2026 02:03
2493006b-d732-4fb2-92af-c58de1607788,hermit.solutions,available,8.98,41.98,high,low,6,namecheap,,,09/09/2026 11:42
1a584b0a-0f88-4806-854d-4876140eb19f,joins.solutions,available,10.99,30.99,medium,low,5,namesilo,,,29/09/2026 17:15
dc04fca9-b3c4-4f0b-b8a2-46ced4d74e57,madam.solutions,available,8.98,41.98,high,low,5,namecheap,,,24/09/2026 10:51
329fe220-9224-4763-9b25-61ea64b6dcdd,dara.solutions,available,7.96,25.04,high,low,4,spaceship,,,01/10/2026 01:04
1fb82590-9a0c-4d02-ab96-a4b86cd4507d,petulant.solutions,available,5.99,41.99,medium,low,8,name.com,,,22/08/2026 10:27
1e25c212-04f1-4718-986f-cf11ae6b54c3,statehood.solutions,available,5.99,,high,low,9,name.com,,,
e2ae26a8-66e0-4bee-9c72-daf72e819ebc,outmost.solutions,available,8.98,41.98,medium,low,7,namecheap,,,04/09/2026 19:19
7a7920d8-72f5-4b63-a47f-f8aa66359137,cleaned.solutions,available,8.98,41.98,high,low,7,namecheap,,,27/09/2026 02:45
ccdd7a40-9ba6-471a-8ce4-a7fbc35d398e,reprieve.solutions,available,10.99,30.99,high,low,8,namesilo,,,16/09/2026 14:08
bceabed4-9f0e-46fa-a6f7-5d421186df4d,jaipur.solutions,available,10.99,30.99,high,low,6,namesilo,,,30/09/2026 20:47
b35663fe-4089-4d87-8815-bd141753564e,quarterback.solutions,available,7.96,25.04,high,low,11,spaceship,,,28/09/2026 15:47
3b7ad2e5-be8e-45ea-97f9-95d94b7b4646,clouded.solutions,available,5.99,41.99,medium,low,7,name.com,,,12/08/2026 12:27
5c59cd7a-92a3-420b-a7c9-97b2fe69cc53,muse.solutions,resell,,,high,medium,4,,,,29/09/2026 13:29
3fdb7830-cd26-41be-933a-a6839cdbb0d9,baklava.solutions,available,8.98,41.98,high,low,7,namecheap,,,21/09/2026 20:21
54a1e741-8ae8-48ca-aad9-98103927994d,exonerated.solutions,available,5.99,41.99,high,low,10,name.com,,,
edcb4115-bb62-4645-9897-a8aad7ec8066,shines.solutions,available,10.5,,medium,low,6,unstoppable,,,29/09/2026 17:16
77eb56d0-c0cc-4023-b317-e6dbd073be47,coffeepots.solutions,available,10.99,30.99,medium,low,10,namesilo,,,21/09/2026 00:56
5a087a60-337a-4569-8ede-157ffdcc32c1,height.solutions,available,8.98,41.98,high,low,6,namecheap,,,25/09/2026 19:39
6f851be5-ee48-4c48-8d05-4ecbf2997d26,grandfather.solutions,available,10.99,30.99,high,low,11,namesilo,,,30/09/2026 22:05
24417f19-6b34-4ace-8d8b-507d03ede88e,advisement.solutions,available,8.98,41.98,high,low,10,namecheap,,,17/09/2026 11:32
2e2164af-bca5-48e7-9851-c6b43cd8098b,comedies.solutions,available,10.99,30.99,medium,low,8,namesilo,,,21/09/2026 01:31
ab7a80e2-19b1-4ef6-a2a5-87363b9c4e6e,rocks.solutions,available,10.99,30.99,high,low,5,namesilo,,,17/09/2026 07:43
a126bbe6-4fdc-4d21-9b26-a5600e400314,juridical.solutions,available,5.99,41.99,medium,low,9,name.com,,,22/08/2026 14:40
57ec4078-f58d-48b4-b9b2-fdfa98fb1c39,temperate.solutions,available,8.98,41.98,high,low,9,namecheap,,,11/09/2026 10:48
74616b8f-3169-4b62-ab9d-b3878793663c,asl.solutions,resell,,,high,low,3,"Sav.com, LLC - 17",30/05/2026 15:16,30/05/2027 15:16,26/09/2026 04:04
57fc699c-6899-4d1e-923b-d676ecef6fba,cruel.solutions,available,10.99,30.99,high,low,5,namesilo,,,22/09/2026 17:21
25e8ebf4-d195-42e8-97a8-a9860f7a0a68,barnum.solutions,available,8.98,41.98,medium,low,6,namecheap,,,22/09/2026 06:55
6f291d6f-23e3-4d72-bc69-acaca99b0837,cremation.solutions,available,7.96,25.04,medium,low,9,spaceship,,,02/10/2026 04:29
63eb6b96-8589-4976-9aa1-4122d89cb3a3,fresher.solutions,available,5.99,41.99,high,low,7,name.com,,,18/08/2026 15:22
524c5a2e-3fd9-4d6b-b8e1-c6a684042a35,baksheesh.solutions,available,10.99,30.99,medium,low,9,namesilo,,,21/09/2026 15:52
26aa90e1-2887-47d5-abac-e9942bb0a5cc,deadly.solutions,available,10.99,30.99,medium,low,6,namesilo,,,22/09/2026 16:43
5739cd2d-1cb1-4201-9903-5420cef1a3b9,intuition.solutions,available,7.96,25.04,high,low,9,spaceship,,,28/09/2026 19:28
50aa89c2-329e-4250-bf15-0a07b4d3f498,historied.solutions,available,5.99,41.99,medium,low,9,name.com,,,21/08/2026 09:53
f31bdaf1-d472-4a7a-b248-077c76aa1aa9,akers.solutions,available,8.98,41.98,medium,low,5,namecheap,,,01/10/2026 06:42
c6f29677-9313-4775-883b-5a2fccd0d4f0,maidens.solutions,available,10.99,30.99,high,low,7,namesilo,,,02/10/2026 03:57
6a54f572-ebb6-4991-bfaf-56756588e9b2,skag.solutions,available,10.99,30.99,medium,low,4,namesilo,,,23/09/2026 14:39
b6fbeb5a-cf43-4936-ba58-b069e65437a0,garrulous.solutions,available,5.99,41.99,medium,low,9,name.com,,,12/08/2026 03:20
32d2807d-55df-4451-bde6-e5b14a8bf1a6,shaftesbury.solutions,available,7.96,25.04,high,low,11,spaceship,,,30/09/2026 05:22
db3140eb-99e6-49e7-a4d4-e75439f611fd,gritty.solutions,available,5.99,41.99,medium,low,6,name.com,,,12/08/2026 14:03
c93134d3-94e9-4db0-a449-a7e795527544,browned.solutions,available,5.99,41.99,medium,low,7,name.com,,,11/08/2026 06:29
4d77037a-7960-49bb-a296-6003199d730d,winking.solutions,available,5.99,41.99,high,low,7,name.com,,,10/08/2026 14:28
b9e6b781-120f-478b-a50f-b443d72771ae,bout.solutions,available,7.96,25.04,high,low,4,spaceship,,,28/09/2026 18:28
66f2ae61-8312-4aa0-81f9-00e1efae4fff,impelling.solutions,available,5.99,41.99,medium,low,9,name.com,,,21/08/2026 22:04
80c4fdb6-cf4a-4e57-875b-91b92f3483e1,bedrest.solutions,available,10.99,30.99,medium,low,7,namesilo,,,22/09/2026 23:03
944b83bc-8853-44c8-bdef-92e33550c260,pushchair.solutions,available,10.99,30.99,high,low,9,namesilo,,,21/09/2026 13:21
7e12c231-c31f-4289-b66e-92ff346795a7,robyn.solutions,available,10.99,30.99,high,low,5,namesilo,,,29/09/2026 22:07
506e8124-859b-4d61-aff9-db954b714056,attended.solutions,available,10.99,30.99,medium,low,8,namesilo,,,22/09/2026 11:17
b6b4515d-6dcb-406f-a389-172b5ed9cb83,leverage.solutions,resell,,,high,low,8,,,,29/09/2026 01:34
23c60873-f5b1-49d1-8a06-dd5f218e1344,outrage.solutions,available,3.5,25.9,medium,low,7,dynadot,,,28/09/2026 10:08
56beff57-3bb7-40b1-8d11-2ce311e57ece,anyway.solutions,available,7.96,25.04,high,low,6,spaceship,,,28/09/2026 12:17
c750a73b-d6e1-4282-b6f7-3d1a54790beb,coastward.solutions,available,8.98,41.98,medium,low,9,namecheap,,,14/09/2026 07:23
fbedb425-a72e-453a-a459-48a6d22a5ee5,unsexy.solutions,available,8.98,41.98,medium,low,6,namecheap,,,12/09/2026 19:23
38fe5a85-5e97-40cc-9bf6-9788524c7798,unattended.solutions,available,8.98,41.98,medium,low,10,namecheap,,,12/09/2026 01:17
e0189093-b0e4-4c80-8042-95ec8e872e20,drives.solutions,available,10.99,30.99,medium,low,6,namesilo,,,25/09/2026 17:24
8bde8460-9490-4964-918f-6a224210620f,imbricate.solutions,available,5.99,41.99,medium,low,9,name.com,,,21/08/2026 20:35
87fa8002-0565-4a7e-9932-058c8abcfa69,momentous.solutions,available,5.99,41.99,high,low,9,name.com,,,25/08/2026 03:59
d93c1a24-1277-427d-876a-b23afcb0912f,culpable.solutions,available,5.99,41.99,medium,low,8,name.com,,,10/08/2026 12:34
5180af44-bf4e-4f67-8ddd-11859f9acc5b,defender.solutions,resell,,,high,low,8,,,,28/09/2026 18:56
e5b1ba30-e324-4a9b-aeed-14c09ca6961f,preface.solutions,available,7.96,25.04,high,low,7,spaceship,,,30/09/2026 09:43
4a9d5f13-6a5f-4821-802d-0b68067f7769,aerator.solutions,available,10.99,30.99,medium,low,7,namesilo,,,17/09/2026 12:47
d4c26f91-b254-49e2-959b-44a161a62aa4,montague.solutions,available,24.2,24.2,medium,low,8,cloudflare,,,01/10/2026 16:36
c7355418-459a-46f0-82e0-5f05ee09aa98,churches.solutions,available,10.99,30.99,medium,low,8,namesilo,,,28/09/2026 23:19
35e2a2d0-d20f-42f7-92f2-538aaa68a1d6,advancing.solutions,available,8.98,41.98,high,low,9,namecheap,,,21/09/2026 20:51
ad6f8658-4cf3-4528-806e-b2d8f9f7ecb9,insider.solutions,resell,,,high,low,7,,,,29/09/2026 19:20
88da04f4-57cf-4651-8f64-2af2741fa6e4,whitefish.solutions,available,5.99,,medium,low,10,name.com,,,
ed6954bc-c5d4-4624-b7ed-35c5fa26c2c1,fences.solutions,available,10.99,30.99,medium,low,6,namesilo,,,29/09/2026 11:21
a83d1396-5f9d-4fe5-8720-a3b7b04a2b96,argyll.solutions,available,10.99,30.99,medium,low,6,namesilo,,,20/09/2026 04:56
b5bbc6c4-4f1f-42ab-b85d-bb65145429e2,attend.solutions,available,10.5,,high,low,6,unstoppable,,,28/09/2026 19:00
4931bf9e-92da-449a-b853-00612727feb1,endured.solutions,available,7.96,25.04,medium,low,7,spaceship,,,29/09/2026 23:57
b51c5f05-583b-44b0-9a3f-59f4fc35fa1d,bossy.solutions,available,5.99,41.99,medium,low,5,name.com,,,07/08/2026 19:35
7b2c10d7-5df9-4cef-a2c6-5f677b75ea6c,scholars.solutions,available,7.96,25.04,high,low,8,spaceship,,,30/09/2026 15:27
3374d492-e32a-43e9-bda6-7cfdbfa15e76,azalea.solutions,available,10.99,30.99,high,low,6,namesilo,,,21/09/2026 11:00
07d7b42b-9df2-4a45-8eaf-d942e7f85616,pigfish.solutions,available,8.98,41.98,medium,low,7,namecheap,,,17/09/2026 00:46
9898b515-a7eb-4101-833b-b096f6d98345,paranoia.solutions,resell,,,high,low,8,,,,29/09/2026 19:54
12157c0f-e94e-4699-9856-a5d110fb54dd,lxxx.solutions,available,5.99,41.99,medium,low,4,name.com,,,
a4947d12-6959-4f61-a1e7-a20a445549c6,probable.solutions,resell,,,high,low,8,"Sav.com, LLC - 16",22/04/2026 15:15,22/04/2027 15:15,27/09/2026 06:59
e895e7d2-1cf3-4a94-8e10-02a31fb24453,healing.solutions,resell,,,high,low,7,Dynadot Inc,13/01/2020 12:20,13/01/2027 12:20,26/09/2026 06:36
f8543027-6079-47a5-b8ef-4346812e1517,master.solutions,resell,,,high,low,6,"Spaceship, Inc.",10/06/2023 15:15,10/06/2027 15:15,26/09/2026 07:27
194f82bc-f7b3-477d-a1ef-c60d94cd759b,shaker.solutions,available,24.2,24.2,high,low,6,cloudflare,,,29/09/2026 13:29
8bdf45c5-7b53-40a7-ab4c-2cb44c56c60f,undreamt.solutions,available,8.98,41.98,medium,low,8,namecheap,,,12/09/2026 08:24
15b73f9a-5fd9-4d51-b832-6d73be492218,statisticians.solutions,available,10.5,,low,low,13,unstoppable,,,01/10/2026 18:33
d9968c02-d4d7-4882-9779-38b50cc3dfc3,beethoven.solutions,available,10.99,30.99,high,low,9,namesilo,,,23/09/2026 01:53
b5cc8457-161a-4893-8bbf-ebdcab148e06,subjects.solutions,available,5.99,,medium,low,8,name.com,,,
e28df506-b4f6-4392-8d30-13a5ae5ce6e9,personable.solutions,available,8.98,41.98,high,low,10,namecheap,,,08/09/2026 17:59
b37b657b-52f6-4380-a6b0-f6003373ea6b,beware.solutions,available,3.6,25.23,medium,low,6,porkbun,,,28/09/2026 20:49
bd007c66-c16a-4a60-abb4-e1ddf6894f6b,invites.solutions,available,3.5,25.9,medium,low,7,dynadot,,,29/09/2026 11:26
8522a500-c05d-430a-beb0-43a20d20c951,begonia.solutions,available,10.99,30.99,medium,low,7,namesilo,,,23/09/2026 02:28
ceab6442-9121-4702-8429-0d0ccfb53b1c,flowery.solutions,available,5.99,41.99,high,low,7,name.com,,,18/08/2026 09:09
bd34efcd-a399-4a9b-8bba-c04da18f3131,clash.solutions,available,7.96,25.04,high,low,5,spaceship,,,29/09/2026 09:50
63c590da-0541-4cf0-bd44-812e3ccae12e,piglet.solutions,available,10.99,30.99,high,low,6,namesilo,,,19/09/2026 22:30
6db5f919-2cde-4560-ac61-c5890a0ba1c1,furious.solutions,available,5.99,41.99,high,low,7,name.com,,,
494b66b3-723b-4b97-8c0c-e55a20677b33,analyser.solutions,available,10.99,30.99,high,low,8,namesilo,,,19/09/2026 01:57
1ed3a7a3-6b13-4cde-b423-4b6475f578d1,phycology.solutions,available,10.99,30.99,medium,low,9,namesilo,,,18/09/2026 07:09
fade68e4-4d53-4e17-974f-835caf094e85,touchy.solutions,available,5.99,41.99,medium,low,6,name.com,,,21/08/2026 14:42
3bc73fb8-f283-4af7-96a8-501a4606a376,cockup.solutions,available,10.99,30.99,medium,low,6,namesilo,,,21/09/2026 23:29
8b988ef2-c118-4aae-a63a-111edcef96ba,trujillo.solutions,available,7.96,25.04,medium,low,8,spaceship,,,28/09/2026 16:38
6b8df44c-7292-4e14-90b5-d53c624f8320,hades.solutions,resell,,,high,low,5,"GoDaddy.com, LLC",23/01/2024 08:45,23/01/2027 08:45,26/09/2026 06:32
71c5b0df-4507-41ea-a88e-fd16f25df703,formulary.solutions,available,5.99,41.99,high,low,9,name.com,,,18/08/2026 12:20
7bd6d1f3-0309-4cd2-9bd1-12da8628a554,nilsson.solutions,available,10.99,30.99,high,low,7,namesilo,,,29/09/2026 00:16
cf717220-0c22-4b9d-b53e-b9a117e08de5,flares.solutions,available,10.5,,medium,low,6,unstoppable,,,01/10/2026 00:40
025033bd-a66e-4182-b28a-8706e5bfe471,allergenic.solutions,available,5.99,41.99,medium,low,10,name.com,,,
e8e2f974-0a86-4d40-9afe-a42f63356bd0,semester.solutions,available,10.99,30.99,high,low,8,namesilo,,,28/09/2026 06:43
6dae3a2d-242e-4c71-8291-1c8281598684,patience.solutions,available,10.99,30.99,high,low,8,namesilo,,,25/09/2026 06:07
427c8054-29eb-4fc6-9d15-efa72535f20a,unbalanced.solutions,available,5.99,41.99,medium,low,10,name.com,,,11/08/2026 01:50
c24cf677-26a7-4bd1-a29f-40b9652e1f86,proved.solutions,available,10.99,30.99,high,low,6,namesilo,,,27/09/2026 07:48
19db35e3-aaba-4a02-a0a1-e7c984d7aafa,strips.solutions,available,10.99,30.99,medium,low,6,namesilo,,,20/09/2026 02:09
cb5b3313-d1d7-4a2f-82e0-c5d7640db814,ament.solutions,available,8.98,41.98,medium,low,5,namecheap,,,18/09/2026 18:57
771548db-0f80-4bd4-b2d8-e96a1169c663,debar.solutions,available,10.99,30.99,medium,low,5,namesilo,,,22/09/2026 03:43
31ec2867-c750-4389-91fe-54d5d4f7ab45,stadia.solutions,available,10.99,30.99,high,low,6,namesilo,,,17/09/2026 09:03
fb1b85dc-7b1c-4051-91bb-6a2f7c8c950e,nara.solutions,resell,,,medium,low,4,,,,28/09/2026 06:27
b9b29a0b-8303-4beb-a5ec-efb78e3859fd,extreme.solutions,resell,,,high,low,7,"Sav.com, LLC",25/12/2019 11:51,25/12/2026 11:51,26/09/2026 05:58
b388d61d-4c1f-4ab9-b0a5-a9d8aaf7f2c0,discouraging.solutions,available,7.96,25.04,high,low,12,spaceship,,,01/10/2026 22:56
86747361-705e-4d31-8597-1852f63b8a20,ionian.solutions,available,5.99,41.99,high,low,6,name.com,,,22/08/2026 09:28
b8491148-9706-45f3-a4c3-5d499742298c,deejay.solutions,available,7.96,25.04,high,low,6,spaceship,,,01/10/2026 18:26
f5160a04-6770-4a1c-9371-5ddb6aaa8bc9,dependent.solutions,available,5.99,41.99,high,low,9,name.com,,,14/08/2026 02:06
12ba1b75-fb48-47ed-a41a-187300279202,ambulant.solutions,available,5.99,41.99,medium,low,8,name.com,,,
a010426d-17e6-4372-a800-215938c4795f,boneless.solutions,available,5.99,41.99,medium,low,8,name.com,,,10/08/2026 18:38
496b246f-82a7-43ab-92e2-c5949818d867,shrinking.solutions,available,10.99,30.99,medium,low,9,namesilo,,,29/09/2026 13:58
74e30d7e-6585-44cb-9daa-a38c6d3100c0,cared.solutions,available,8.98,41.98,medium,low,5,namecheap,,,25/09/2026 19:49
f4eb511e-be57-4a01-9fc0-5c0019cadf9a,jumentous.solutions,available,5.99,41.99,low,low,9,name.com,,,22/08/2026 14:21
f6231d70-dc81-4484-b3e4-c93d50b7ad40,genealogic.solutions,available,5.99,41.99,medium,low,10,name.com,,,18/08/2026 21:22
9b3cc83e-e832-4b05-a2b3-b92e635dbbbf,negatives.solutions,available,7.96,25.04,low,low,9,spaceship,,,01/10/2026 17:58
e885cd06-9fc0-4449-8882-a121692cdb6b,arrhenius.solutions,available,10.99,30.99,medium,low,9,namesilo,,,20/09/2026 09:11
f4e5cb27-d263-44ba-b9cf-01d09f7190d9,serous.solutions,available,5.99,41.99,medium,low,6,name.com,,,10/09/2026 04:43
a8fbdd73-fd83-453d-944f-1f02c9a8847c,yur.solutions,available,3.6,25.23,high,low,3,porkbun,,,02/10/2026 04:53
81520890-1120-43f4-85c3-625dd637d735,newburgh.solutions,available,10.99,30.99,medium,low,8,namesilo,,,29/09/2026 07:44
f0fc06b5-57b2-49ee-a423-b3327a1fbc7d,ina.solutions,resell,,,high,low,3,,,,28/09/2026 04:04
c666e85d-3617-4c29-a33a-f21eedece06d,unwitting.solutions,available,8.98,41.98,medium,low,9,namecheap,,,12/09/2026 14:24
efc2cc66-6c1e-40f1-9115-b86b6ca49175,ferned.solutions,available,5.99,41.99,medium,low,6,name.com,,,18/08/2026 01:58
47769f55-b34a-451a-bf87-b5b93951025a,beroe.solutions,available,10.99,30.99,medium,low,5,namesilo,,,23/09/2026 10:02
701d4021-7022-4a46-9de6-ff2943cd618f,autoloader.solutions,available,10.99,30.99,medium,low,10,namesilo,,,21/09/2026 06:48
0f30c331-c34e-4ec4-ae4c-3ae059cc51c0,peoria.solutions,available,5.99,41.99,high,low,6,name.com,,,27/09/2026 04:58
4cd4e833-3a30-45ac-bd32-6f9172a2b2c4,beechnut.solutions,available,5.99,41.99,medium,low,8,name.com,,,23/09/2026 00:13
d9634961-55f2-4723-bd70-614baef8de31,existential.solutions,available,10.99,30.99,high,low,11,namesilo,,,01/10/2026 22:23
7dcdc9d7-6d94-46e4-9104-9d9824c1c5ab,chilling.solutions,available,5.99,41.99,medium,low,8,name.com,,,12/08/2026 05:19
81979cd5-b700-495a-bf29-959bb0e04ee5,axil.solutions,available,10.99,30.99,high,low,4,namesilo,,,21/09/2026 10:22
5b64d03a-8ed5-4ba6-bd15-85668b042870,efficient.solutions,premium,99.5,108.6,high,low,9,unstoppable,,,01/10/2026 07:29
debb4fc7-0ae5-479b-9e41-d93a0404ff81,galaxy.solutions,resell,,,high,medium,6,Squarespace Domains II LLC,20/02/2021 08:16,20/02/2027 08:16,29/09/2026 02:00
78cc688a-76d6-407b-b729-23e574c4f5cc,than.solutions,available,10.99,30.99,high,low,4,namesilo,,,30/09/2026 23:17
f538a8b1-a24b-4919-a690-592089e08686,exiting.solutions,available,24.2,24.2,high,low,7,cloudflare,,,01/10/2026 05:02
321d19b8-fe45-4559-ad46-4f11572bf87a,timur.solutions,available,3.5,25.9,medium,low,5,dynadot,,,30/09/2026 18:52
60ccd48c-0fde-4875-ae29-665ec49f950e,galway.solutions,available,10.99,30.99,high,low,6,namesilo,,,28/09/2026 09:51
d87e9d46-048a-478c-a556-01c64355861a,beriberi.solutions,available,10.99,30.99,medium,low,8,namesilo,,,23/09/2026 09:23
cedca906-640a-49d4-9330-9aa25c877cff,arisaema.solutions,available,10.99,30.99,medium,low,8,namesilo,,,20/09/2026 05:35
96748bc5-7af3-485c-bfe9-bf3206dbafb0,pigeons.solutions,available,10.99,30.99,medium,low,7,namesilo,,,20/09/2026 07:08
5cd88087-009b-4e62-a29d-3507c4008af2,figuring.solutions,available,7.96,25.04,high,low,8,spaceship,,,29/09/2026 12:20
b191b5e6-1161-42c1-898f-692d5b9d6ab8,possession.solutions,available,7.96,25.04,high,low,10,spaceship,,,30/09/2026 05:10
915e2224-ae23-40fe-93c9-e28b17ae56e1,vengeance.solutions,available,7.96,25.04,medium,low,9,spaceship,,,28/09/2026 11:03
2175aeba-2dc3-4a55-af16-7e9b277818ec,selangor.solutions,available,24.2,24.2,medium,low,8,cloudflare,,,30/09/2026 20:45
06846e1f-8823-4fb8-9721-9f26c0dcc7da,camwood.solutions,available,8.98,41.98,medium,low,7,namecheap,,,17/09/2026 15:22
124e285f-c372-40d2-af65-d65c18686105,toronto.solutions,resell,,,high,low,7,,,,29/09/2026 02:20
08331a77-2e3c-4125-905d-61d18904dabd,thanked.solutions,available,10.99,30.99,medium,low,7,namesilo,,,29/09/2026 05:27
bc6a6629-c50c-4f2d-9b83-0697eef23bf7,affectionate.solutions,available,10.99,30.99,high,low,12,namesilo,,,01/10/2026 00:35
861d3353-e8c5-4502-a194-72ff423aed2f,seeks.solutions,available,3.5,25.9,medium,low,5,dynadot,,,28/09/2026 23:37
fa4f4f76-0149-4bdc-9f17-74429b0afbd9,eagre.solutions,available,5.99,41.99,medium,low,5,name.com,,,14/08/2026 22:16
c161f417-a772-470a-946b-0e24f0bb189f,matrimony.solutions,available,24.2,24.2,high,low,9,cloudflare,,,01/10/2026 20:29
7c161df1-be15-4ab2-bf55-ddc954f734b6,ashtray.solutions,available,8.98,41.98,high,low,7,namecheap,,,20/09/2026 14:02
027fbda3-cd2d-48bb-9555-2868eb4a2dbb,stuffing.solutions,available,7.96,25.04,high,low,8,spaceship,,,29/09/2026 14:01
5c8e71a6-3c5c-4e3d-b678-2823af02b61f,monitors.solutions,available,10.5,,high,low,8,unstoppable,,,29/09/2026 00:02
74f799f0-29b0-4dee-8460-1d1af1498907,resident.solutions,available,8.98,41.98,high,low,8,namecheap,,,03/09/2026 19:51
d87f39a2-c1ee-4abd-9f7f-9d2c48458c83,languorous.solutions,available,5.99,41.99,medium,low,10,name.com,,,22/08/2026 18:05
8a8473ff-e45f-4190-a142-6b069e33f4b0,confiding.solutions,available,5.99,41.99,high,low,9,name.com,,,12/08/2026 20:45
001cb362-d19e-4a46-a3a0-e088c6c76ddc,josephine.solutions,available,10.99,30.99,high,low,9,namesilo,,,28/09/2026 12:04
ea88f5fa-1076-4bff-9924-7e60fe7e5dc6,requests.solutions,available,10.99,30.99,medium,low,8,namesilo,,,17/09/2026 17:07
adf42c25-3947-40e9-a209-3229a0e4025b,chromium.solutions,available,10.99,30.99,medium,low,8,namesilo,,,20/09/2026 22:39
189ad197-9cf3-45d0-8cd1-15f6ebc5b539,encrusted.solutions,available,5.99,41.99,medium,low,9,name.com,,,13/08/2026 09:24
73431411-ae19-4acc-90e9-6fde41270fb6,jeweled.solutions,available,5.99,41.99,high,low,7,name.com,,,18/08/2026 21:10
d0801383-2c38-4512-8fd6-1f92b4d9d74f,albin.solutions,available,10.99,30.99,medium,low,5,namesilo,,,02/10/2026 00:03
695cf070-98e7-426a-ba75-83a063935948,afm.solutions,available,24.2,24.2,high,low,3,cloudflare,,,01/10/2026 00:52
7fbca845-4d99-4103-949f-a8e816bd913f,prewar.solutions,available,8.98,41.98,medium,low,6,namecheap,,,09/09/2026 01:51
6314f1b3-5e3a-420f-972a-2e21e5669b97,stage.solutions,resell,,,high,medium,5,"Sav.com, LLC",16/06/2017 11:08,16/06/2027 11:08,01/10/2026 13:55
571ecd1f-a20a-4f44-a7c9-313bc50bb223,peaky.solutions,available,5.99,41.99,medium,low,5,name.com,,,08/09/2026 11:10
08de8e3d-d8f5-45fc-b1f8-023278d860e2,monologue.solutions,available,8.98,41.98,high,low,9,namecheap,,,30/09/2026 10:35
b8119281-2c56-4e60-bad9-8726b06cc000,adhocracy.solutions,available,8.98,41.98,medium,low,9,namecheap,,,17/09/2026 08:02
1f3646f5-a4c1-4836-b09b-95524fbab4c4,contestants.solutions,available,8.98,41.98,medium,low,11,namecheap,,,29/09/2026 11:30
9b86195e-d0bf-4ccd-b38b-6a504cc8a64f,typing.solutions,available,10.99,30.99,high,low,6,namesilo,,,30/09/2026 14:07
45eac50e-1399-4c61-a84b-e70e90002180,wee.solutions,premium,118.8,118.8,high,low,3,namesilo,,,10/08/2026 08:17
3f7b25b1-d0f8-423b-bd87-b597557e8897,leg.solutions,premium,242,242,high,low,3,namesilo,,,30/09/2026 02:45
fe05820e-9866-4d62-bb1e-214c071a3dd9,janie.solutions,available,3.5,25.9,high,low,5,dynadot,,,01/10/2026 08:49
0caa2ba1-4dae-49cf-b9bb-ac5e31c68466,cations.solutions,available,8.98,41.98,medium,low,7,namecheap,,,28/09/2026 23:14
232ca825-a1ca-46d6-8d91-a6cf7e1d0662,holders.solutions,available,3.5,25.9,medium,low,7,dynadot,,,30/09/2026 16:18
3a0897b4-e9c1-4b0d-90f4-e70b3534ce7a,hitter.solutions,available,10.99,30.99,high,low,6,namesilo,,,22/09/2026 14:18
3de7325a-410e-4337-a2be-9547cafed9ab,aldebaran.solutions,available,10.99,30.99,medium,low,9,namesilo,,,18/09/2026 04:20
f9238da7-df1a-49f9-be71-05a13812a96a,acheron.solutions,available,10.99,30.99,medium,low,7,namesilo,,,17/09/2026 00:29
63244e7e-4564-4344-8233-1143eddb8211,manful.solutions,available,5.99,41.99,medium,low,6,name.com,,,24/08/2026 14:46
7ffb559e-5d03-434a-b602-f35c43dfc803,balls.solutions,available,24.2,24.2,high,low,5,cloudflare,,,01/10/2026 19:31
ee049016-4d97-4101-85c5-92c6a9f57af5,baptisia.solutions,available,10.99,30.99,medium,low,8,namesilo,,,22/09/2026 03:24
b492a347-d94b-44f5-8de7-a031828ebde3,tippy.solutions,available,5.99,41.99,high,low,5,name.com,,,13/08/2026 04:55
7811d107-c9e2-471a-8dcb-9daa2e5f1b98,mottled.solutions,available,5.99,41.99,medium,low,7,name.com,,,13/08/2026 17:41
a2d70a5e-3269-411a-a0b8-fd1b1f3851f5,selected.solutions,available,7.96,25.04,high,low,8,spaceship,,,27/09/2026 19:50
e9407151-4492-4030-9a3f-85745f89a52d,recognize.solutions,available,10.99,30.99,high,low,9,namesilo,,,27/09/2026 02:43
fe7f4c7a-8851-408f-b8d3-42a9e3c09083,hoped.solutions,available,10.99,30.99,medium,low,5,namesilo,,,27/09/2026 02:59
15158db2-c430-4700-a3e4-9ab9431950c0,slur.solutions,available,8.98,41.98,medium,low,4,namecheap,,,20/09/2026 14:59
d60cd04b-2e62-4913-8815-1411c8ab10b3,lammas.solutions,available,10.99,30.99,medium,low,6,namesilo,,,21/09/2026 03:43
6b570deb-e622-42a1-b247-d4957a84fead,ahimsa.solutions,available,8.98,41.98,high,low,6,namecheap,,,17/09/2026 20:23
c75c05d6-73a2-424f-b0c3-8636deac1041,unseeded.solutions,available,8.98,41.98,medium,low,8,namecheap,,,12/09/2026 19:10
7cdbb3da-890f-4410-9efc-f01c26bda4ef,reversive.solutions,available,8.98,41.98,medium,low,9,namecheap,,,09/09/2026 16:11
3a040341-d779-43db-b9de-61a313f48b16,uncomfortably.solutions,available,7.96,25.04,low,low,13,spaceship,,,01/10/2026 19:39
2b6e5b4d-bf69-4ffb-a2f5-47b8d48deb44,timber.solutions,resell,,,high,low,6,,,,28/09/2026 19:46
26d9ad82-8bc1-472e-a8b6-77289483177f,hormone.solutions,resell,,,high,low,7,"GoDaddy.com, LLC",26/02/2026 07:25,26/02/2027 07:25,26/09/2026 06:43
280c6416-3329-4148-aa52-25d9f3898bd8,forthcoming.solutions,available,10.99,30.99,high,low,11,namesilo,,,29/09/2026 14:27
f9bbb1f7-b38a-4eea-897e-389eccca6d93,partitioning.solutions,available,7.96,25.04,high,low,12,spaceship,,,29/09/2026 09:00
52901fad-5df6-4235-ab7f-b66797470a2d,sarawak.solutions,available,8.98,41.98,medium,low,7,namecheap,,,28/09/2026 15:18
3f49a33f-dfe2-44c5-a0b7-31d8fb8919f9,xiii.solutions,available,10.99,30.99,high,low,4,namesilo,,,21/09/2026 11:34
67dee95e-16aa-4f37-86bf-621b468a5008,repast.solutions,available,7.96,25.04,medium,low,6,spaceship,,,02/10/2026 02:34
2d6325f1-e80c-4bc4-ba01-5853e9fc9a2f,block.solutions,resell,,,high,low,5,Dynadot Inc,13/09/2016 12:52,13/09/2027 12:52,28/09/2026 23:15
99e4549f-f40a-464c-9506-db042488a50f,that.solutions,resell,,,high,medium,4,"GoDaddy.com, LLC",09/01/2021 04:06,09/01/2027 04:06,30/09/2026 22:10
6ffc6f5f-9d5d-47eb-8c57-c9941f3afda5,selfhelp.solutions,available,3.6,25.23,high,low,9,porkbun,,,02/10/2026 06:22
560a3dd6-b887-468f-8f27-da62d20d5f45,homecoming.solutions,available,3.6,25.23,high,low,10,porkbun,,,28/09/2026 19:27
8bcb0471-80a0-4c61-9d25-7852c33a470f,venomed.solutions,available,8.98,41.98,medium,low,7,namecheap,,,13/09/2026 02:06
ec14f2ea-7ad2-4dab-ad5e-fc21e53d5326,trieste.solutions,available,8.98,41.98,medium,low,7,namecheap,,,27/09/2026 18:38
174b9ad8-1568-4d21-9ea7-a1f734c7b617,beak.solutions,available,10.99,30.99,high,low,4,namesilo,,,22/09/2026 19:41
6fd104fb-becd-4091-b2ea-899762a4a2e9,civilizations.solutions,available,4.99,59.99,medium,low,13,godaddy,,,01/10/2026 01:05
fc11474e-9ddb-4de3-b8b4-b5796e100684,evils.solutions,available,24.2,24.2,low,low,5,cloudflare,,,01/10/2026 16:07
89cf20d7-3d95-4b6a-a84d-c83ec4ede7e0,antimicrobial.solutions,resell,,,medium,low,13,,,,30/09/2026 11:51
bd3008fe-36c9-4120-a71b-01dc2b426b91,surrender.solutions,available,24.2,24.2,high,low,9,cloudflare,,,28/09/2026 11:23
03c82471-1a90-48a6-b934-ec6202343e16,recognized.solutions,available,10.99,30.99,high,low,10,namesilo,,,21/09/2026 15:28
f4007780-64dd-4533-8487-d51fe618ad7f,conditional.solutions,available,10.99,30.99,high,low,11,namesilo,,,30/09/2026 11:31
90e358ae-fef8-40c9-b84f-60b66f679f74,winston.solutions,resell,,,high,low,7,"Sav.com, LLC - 35",15/09/2026 15:15,15/09/2027 15:15,26/09/2026 10:11
4888a526-cd1f-4a98-ac8f-e3823b8c588c,looseleaf.solutions,available,5.99,41.99,medium,low,9,name.com,,,24/08/2026 09:43
51fe1bbe-2836-41be-b67d-806686a654d1,conducive.solutions,available,5.99,41.99,high,low,9,name.com,,,12/08/2026 20:30
c156ef89-7476-4323-8bb1-73a95fe21bf7,gettable.solutions,available,5.99,41.99,medium,low,8,name.com,,,18/08/2026 23:02
97f7b38b-7192-4e0e-8c96-9a9f1a510520,luton.solutions,available,24.2,24.2,high,low,5,cloudflare,,,29/09/2026 21:25
41f031a8-f10c-4106-b16a-37efbbb95be9,occurrence.solutions,available,8.98,41.98,high,low,10,namecheap,,,25/09/2026 23:56
c6460bf6-89fa-47ad-93a7-17946d2addd8,bonzer.solutions,available,5.99,41.99,medium,low,6,name.com,,,10/08/2026 19:02
19a2ee35-1e7d-4ddb-840b-97f2e953ade5,erasable.solutions,available,5.99,41.99,medium,low,8,name.com,,,15/08/2026 14:16
1d185cf6-4f79-4008-b613-7cc7f019c096,rihanna.solutions,available,5.99,,high,low,7,name.com,,,
93e0a7e7-6deb-4bdf-bc5c-0d3dd508ff49,basotho.solutions,available,10.99,30.99,medium,low,7,namesilo,,,22/09/2026 11:35
5f412ea1-7728-4e2f-85f1-e5e882916a4c,punishing.solutions,available,5.99,41.99,high,low,9,name.com,,,06/08/2026 17:10
67c16c2d-a6cb-48ec-9a8f-898d6df90f03,ships.solutions,available,10.99,30.99,medium,low,5,namesilo,,,18/09/2026 14:07
6f88c53d-75d5-4c8b-a539-009b4e71b671,paintpot.solutions,available,5.99,,medium,low,9,name.com,,,
72776c79-d5d5-45cc-a058-dabb271c4e6e,diptera.solutions,available,7.96,25.04,medium,low,7,spaceship,,,30/09/2026 17:00
6d9323b1-8110-4001-998b-ecc6a1044e61,starkest.solutions,available,10.99,30.99,low,low,8,namesilo,,,20/09/2026 22:48
19d711f1-7c20-45ce-8d10-19ec3da8c92b,vitalizing.solutions,available,5.99,41.99,medium,low,10,name.com,,,23/08/2026 01:35
cd37ce08-bd68-4693-bc2b-ac26af889252,stertorous.solutions,available,8.98,41.98,low,low,10,namecheap,,,10/09/2026 20:21
2f98936f-d6f5-44f8-91f2-6cca51310b6a,slouchy.solutions,available,10.99,30.99,medium,low,7,namesilo,,,19/09/2026 04:23
551df4e1-17c1-4fb6-b1f5-65b9c7b4a759,phial.solutions,available,10.99,30.99,medium,low,5,namesilo,,,18/09/2026 23:47
7e034327-5584-4426-8cbf-9c8e58e8839d,peggy.solutions,available,10.99,30.99,high,low,5,namesilo,,,25/09/2026 13:02
90585a55-4822-4dc4-9b5e-4cdc50e0790f,thanksgiving.solutions,available,10.99,30.99,high,low,12,namesilo,,,16/09/2026 10:18
f5238524-85e5-4087-a2e6-9b1c73a77446,infertile.solutions,available,5.99,41.99,medium,low,9,name.com,,,22/08/2026 04:24
b651df8b-d44d-4a05-a08c-b4076c81d77b,shaggy.solutions,available,5.99,41.99,medium,low,6,name.com,,,11/08/2026 11:17
ddd55476-88ec-44d5-a022-d38e2ec4f004,bumps.solutions,available,10.99,30.99,medium,low,5,namesilo,,,30/09/2026 00:29
070f483f-660c-4571-92b4-3abba8eccffe,horne.solutions,available,10.99,30.99,high,low,5,namesilo,,,27/09/2026 14:08
011ad83d-e54c-409a-94a1-01885d303830,boggs.solutions,available,7.96,25.04,medium,low,5,spaceship,,,29/09/2026 04:30
d85eccbb-1feb-4853-9b7f-b6638675fe52,grisly.solutions,available,5.99,41.99,medium,low,6,name.com,,,18/08/2026 23:15
7eecff45-ef9b-4617-b0bd-cad97bc597b9,rutty.solutions,available,8.98,41.98,medium,low,5,namecheap,,,09/09/2026 20:24
fddda3c7-f11a-4640-9df0-5bc3f8fb532e,yelled.solutions,available,7.96,25.04,high,low,6,spaceship,,,27/09/2026 21:26
dd0ce081-6c94-4284-b473-c2ab92b95a98,scrutinise.solutions,available,10.99,30.99,medium,low,10,namesilo,,,21/09/2026 03:07
8f50111d-fbc7-446c-8bc1-9c20f7fe4a35,abolition.solutions,available,10.99,30.99,high,low,9,namesilo,,,16/09/2026 16:28
26fbb0cd-0704-47e3-893e-16740c8245b0,ownerless.solutions,available,8.98,41.98,medium,low,9,namecheap,,,04/09/2026 22:18
b9a15b77-661e-4d68-8562-f891cc1de454,depressed.solutions,available,5.99,41.99,medium,low,9,name.com,,,14/08/2026 02:43
db8033f3-0e54-440f-81c0-5a0908cf6910,keegan.solutions,available,10.99,30.99,medium,low,6,namesilo,,,30/09/2026 00:49
d162c6e2-a81b-4bda-98f6-c9da023a6536,balk.solutions,available,5.99,41.99,medium,low,4,name.com,,,14/08/2026 04:55
3da5148d-0448-4adc-bb4b-037d1ff0008c,cluny.solutions,available,3.5,25.9,medium,low,5,dynadot,,,02/10/2026 01:14
43236b6c-33f0-4bd6-8af0-bae43214c98e,occurs.solutions,available,7.96,25.04,medium,low,6,spaceship,,,28/09/2026 17:56
5f398d2a-a659-4137-9fdb-034a12b8a9f7,germicidal.solutions,available,5.99,41.99,medium,low,10,name.com,,,08/08/2026 07:07
6058d6e6-c3cb-47aa-bf01-655fe8cd1d75,wicklow.solutions,available,10.99,30.99,medium,low,7,namesilo,,,01/10/2026 23:14
ee54cbe8-10f0-4e46-b81c-9b5b7b506178,bharat.solutions,resell,,,high,medium,6,Dynadot Inc,17/06/2026 17:00,17/06/2027 17:00,26/09/2026 04:24
b6847d36-c5ac-420d-9c6f-8e4f761639d8,diameter.solutions,available,3.5,25.9,high,low,8,dynadot,,,29/09/2026 18:38
ad4d296e-525b-48f3-878a-ed6be60cef90,geddes.solutions,available,10.99,30.99,medium,low,6,namesilo,,,29/09/2026 15:03
3fa646b6-6d38-4e05-8317-c78b78499c82,antemortem.solutions,available,5.99,41.99,medium,low,10,name.com,,,
7fee037e-9e0b-4765-810f-36a95fda0799,buffet.solutions,available,10.99,30.99,high,low,6,namesilo,,,19/09/2026 17:05
a561144b-8d4e-491a-a691-c8183ca3f985,tris.solutions,available,10.99,30.99,high,low,4,namesilo,,,30/09/2026 12:39
147ba274-a63f-4dbc-b9f1-90eb744e3481,grindle.solutions,available,8.98,41.98,medium,low,7,namecheap,,,18/09/2026 21:21
2b830181-e730-4632-b7b6-4659c226d28a,syrian.solutions,available,5.99,41.99,high,low,6,name.com,,,11/09/2026 06:43
282e1dc0-2f9c-445f-ab30-cfe4c83d7569,intellectuals.solutions,available,8.98,41.98,medium,low,13,namecheap,,,01/10/2026 00:59
09ac5e08-9a7f-4457-b78a-0424e8fcd906,hardcover.solutions,available,5.99,41.99,medium,low,9,name.com,,,21/08/2026 00:44
f5bf5c16-8243-4e90-aed3-5627df12251b,utilize.solutions,available,10.99,30.99,high,low,7,namesilo,,,30/09/2026 01:31
3099a257-4d0d-4157-94ab-3c7ace215809,vines.solutions,available,10.5,,medium,low,5,unstoppable,,,29/09/2026 23:04
3328cb41-0231-417d-b74a-da3fffdb1224,vigilance.solutions,available,10.99,30.99,high,low,9,namesilo,,,18/09/2026 05:28
a0024b0d-295f-41a0-8a88-94ce8155ba2c,neat.solutions,resell,,,high,low,4,"Spaceship, Inc.",31/03/2014 19:21,31/03/2027 19:21,26/09/2026 07:43
83621dc9-5c5c-4b4b-9bfa-2428aebc46c2,ceramics.solutions,available,7.96,25.04,high,low,8,spaceship,,,30/09/2026 16:39
cc329f01-6034-4ce6-a07a-9eba30d98cc1,managua.solutions,available,10.99,30.99,medium,low,7,namesilo,,,30/09/2026 16:36
813a59f8-9b9c-441b-a7c1-5e2a924f2d4f,contractor.solutions,resell,,,high,low,10,"Spaceship, Inc.",03/04/2021 09:57,03/04/2027 09:57,26/09/2026 05:14
cbaf7f66-a0c9-42ae-a7a7-a34dd3c3854f,ingersoll.solutions,available,3.5,25.9,medium,low,9,dynadot,,,29/09/2026 04:29
7350d66d-d6d3-46d2-b7a1-f1e8959a7c31,uncertain.solutions,available,5.99,41.99,high,low,9,name.com,,,22/08/2026 01:07
07bed933-be1c-4564-bb05-e660bed645db,manufactured.solutions,available,24.2,24.2,high,low,12,cloudflare,,,29/09/2026 08:36
32f557bb-3164-4dc0-929c-461ea65c41c3,nimiety.solutions,available,5.99,41.99,medium,low,7,name.com,,,17/08/2026 16:13
dc1ec011-cb99-4ab9-a12b-99b10697a5f3,loos.solutions,available,10.99,30.99,medium,low,4,namesilo,,,17/09/2026 09:32
f1706b4b-e134-421f-af8f-911b5e1cb2a8,staid.solutions,available,8.98,41.98,medium,low,5,namecheap,,,10/09/2026 01:34
7c3291ff-217c-4c89-b3c8-976e238c8736,mythical.solutions,available,8.98,41.98,high,low,8,namecheap,,,03/09/2026 12:31
92034286-fe17-498f-ba47-cc83fd01cc91,mom.solutions,premium,118.8,118.8,high,low,3,namesilo,,,30/09/2026 03:39
3aeee6f6-5f5b-447d-837a-df09f211a91a,rios.solutions,available,10.99,30.99,high,low,4,namesilo,,,30/09/2026 04:44
f2c6c9f6-3177-4ddc-9db6-d425322b8dca,capitalism.solutions,available,10.5,,high,low,10,unstoppable,,,29/09/2026 07:23
03bade81-b421-4d77-9ec7-df946e2571e5,europium.solutions,available,10.99,30.99,medium,low,8,namesilo,,,20/09/2026 23:26
77e8729f-16d1-4867-ac17-4e2efa384e2f,promotes.solutions,available,8.98,41.98,medium,low,8,namecheap,,,16/09/2026 11:54
00f2d12b-f8ff-4cca-9f35-2817360a1be9,wittgenstein.solutions,available,10.99,30.99,medium,low,12,namesilo,,,29/09/2026 09:48
cd6cfb04-e12b-4a63-ab7f-5e56758e75b4,baguet.solutions,available,8.98,41.98,medium,low,6,namecheap,,,21/09/2026 18:30
15c820e4-4a18-4240-91c3-8a021f8433ca,fenn.solutions,available,10.99,30.99,medium,low,4,namesilo,,,02/10/2026 00:40
a78462b8-56ef-40eb-9ae3-91a9f6d2ee3f,snails.solutions,available,7.96,25.04,medium,low,6,spaceship,,,29/09/2026 06:02
da232c9a-ea77-4a9e-8cae-727a8d4456b1,lap.solutions,premium,242,242,high,low,3,namesilo,,,28/09/2026 02:11
6ae92582-2c5f-491e-ae0b-8e2a71a68077,thinner.solutions,available,10.99,30.99,high,low,7,namesilo,,,29/09/2026 06:40
08da958e-0faf-4fe2-ae32-aa6fdd86dd0a,migrator.solutions,available,5.99,41.99,medium,low,8,name.com,,,24/08/2026 22:51
4278b86e-d7f2-4209-81ef-d907592e2559,alderman.solutions,available,10.99,30.99,medium,low,8,namesilo,,,18/09/2026 04:34
9845aabf-9ed9-4bec-9c01-34f48f60633b,realities.solutions,available,3.5,25.9,medium,low,9,dynadot,,,29/09/2026 17:45
6f5a739e-4860-413b-a8a4-8dbc4f8fce4d,noticeably.solutions,available,8.98,41.98,medium,low,10,namecheap,,,15/09/2026 16:56
8a769bd6-ddaa-4042-8c87-bbc6e5d04d40,job.solutions,premium,854,854,high,medium,3,namesilo,,,29/09/2026 03:34
40e30ae8-6f44-4167-8f92-5a3de5466139,bouffant.solutions,available,5.99,41.99,medium,low,8,name.com,,,10/08/2026 21:32
b79919df-23b5-4e14-9720-766d8762e98d,prostitution.solutions,available,3.6,25.23,medium,low,12,porkbun,,,28/09/2026 17:12
032288ca-21cf-401a-b802-376584563268,fearfully.solutions,available,8.98,41.98,medium,low,9,namecheap,,,14/09/2026 18:04
eceb0b9e-e47f-4168-87a2-d861856c5336,humbled.solutions,available,5.99,41.99,high,low,7,name.com,,,21/08/2026 15:00
57e73c9a-ac6b-4683-b642-b4099a9ca703,arteries.solutions,available,10.5,,medium,low,8,unstoppable,,,30/09/2026 06:28
32e27880-2ebb-4cc9-aa57-b3b6f1b5da8d,audiometry.solutions,available,8.98,41.98,medium,low,10,namecheap,,,21/09/2026 02:58
29946f31-5c46-4800-9b12-643d08fa35cd,cive.solutions,available,10.99,30.99,medium,low,4,namesilo,,,18/09/2026 11:31
c9014f29-b7d9-4ca9-b0f7-1dd4fd99ce65,knobby.solutions,available,5.99,41.99,medium,low,6,name.com,,,22/08/2026 16:29
c467d54f-868c-47d4-bc0f-a613e4d97441,wholesale.solutions,resell,,,high,low,9,Dynadot Inc,31/08/2019 17:05,31/08/2027 17:05,28/09/2026 09:01
d0da162c-a1fc-483d-b311-6a120f349468,pow.solutions,premium,128.7,128.7,medium,low,3,namecheap,,,29/09/2026 01:52
6806796b-029c-45b8-8c12-e7ca763bad00,wulfila.solutions,available,10.99,30.99,medium,low,7,namesilo,,,23/09/2026 21:57
c71668f7-c566-46d5-980f-4e6b86457cec,amputee.solutions,available,10.99,30.99,medium,low,7,namesilo,,,18/09/2026 23:54
37d52685-6a96-4654-a28e-d4387fc3ac16,overcoat.solutions,available,10.5,,high,low,8,unstoppable,,,01/10/2026 19:51
2e0834a3-a773-4feb-9082-489d98a83900,indicating.solutions,available,7.96,25.04,medium,low,10,spaceship,,,29/09/2026 10:48
4ede123e-2088-4181-acee-fa99e848b312,prosily.solutions,available,8.98,41.98,low,low,7,namecheap,,,15/09/2026 21:46
4f3d5414-7263-44ce-a117-3f5950aeef6d,circularly.solutions,available,8.98,41.98,medium,low,10,namecheap,,,14/09/2026 06:55
39b48cfe-2d15-4551-a0f0-a26f846338a5,defile.solutions,available,5.99,41.99,medium,low,6,name.com,,,24/08/2026 12:53
83eafaa9-15ff-4bd0-ac16-73f0b2102e46,enterprising.solutions,available,7.96,25.04,high,low,12,spaceship,,,30/09/2026 02:31
24b9c3e3-f499-4774-a340-aeae31f41a0e,undermine.solutions,available,10.99,30.99,medium,low,9,namesilo,,,29/09/2026 06:16
6f066ec7-d345-46ed-8219-d7b8d42a55b0,complexity.solutions,available,8.98,41.98,high,low,10,namecheap,,,24/09/2026 16:49
72931786-cd2a-4e17-b549-0ea1ecc07146,ferric.solutions,available,5.99,41.99,medium,low,6,name.com,,,18/08/2026 02:07
5cc3af7d-75a6-49bd-a68c-b181b4f1e673,narration.solutions,available,5.99,41.99,high,low,9,name.com,,,03/09/2026 13:18
79429ea4-ecc1-4a50-a71d-98eaf2f56467,deftly.solutions,available,8.98,41.98,medium,low,6,namecheap,,,14/09/2026 11:20
5524efc8-c774-491a-820b-9afea8c7ab43,lacing.solutions,available,8.98,41.98,medium,low,6,namecheap,,,13/09/2026 11:13
f94282f0-a1f5-45b7-af2d-fa74f5b1ae7d,bothering.solutions,available,7.96,25.04,medium,low,9,spaceship,,,29/09/2026 21:27
056cccb0-b14a-484f-95cd-2ecefe27c7d7,durations.solutions,available,10.99,30.99,medium,low,9,namesilo,,,30/09/2026 07:29
2f4ac275-601e-442c-afc5-42a23e0f92d8,hausa.solutions,available,10.99,30.99,high,low,5,namesilo,,,30/09/2026 10:05
06459c81-be9d-4adc-8a83-2a1db191702d,metrical.solutions,available,5.99,41.99,medium,low,8,name.com,,,24/08/2026 22:08
b2a2c48a-efb2-4296-9e7f-b56fbf042bc0,madman.solutions,available,5.99,41.99,high,low,6,name.com,,,24/08/2026 11:20
c711e24a-d116-4890-915b-73997f3e48ce,compared.solutions,available,8.98,41.98,medium,low,8,namecheap,,,27/09/2026 09:01
55d791b1-8880-4ad3-b6ea-c3da85c40b67,hirsute.solutions,available,5.99,41.99,medium,low,7,name.com,,,20/08/2026 22:11
6dae2f57-e895-4a6b-915f-015d07653f1f,saviour.solutions,available,10.99,30.99,high,low,7,namesilo,,,24/09/2026 14:50
b775c838-c65e-42ec-99db-0410e22338c2,farragut.solutions,available,7.96,25.04,high,low,8,spaceship,,,30/09/2026 16:57
28378be2-e21f-40ef-bbfb-dfbaa07b1851,phantasma.solutions,available,8.98,41.98,medium,low,9,namecheap,,,08/09/2026 18:38
66b5cc0c-c974-4e49-a39d-59d617a3bb8a,custodial.solutions,available,5.99,41.99,high,low,9,name.com,,,13/08/2026 12:19
ea6189f0-2e85-40c9-8280-84dcfb12b476,ackack.solutions,available,5.99,41.99,medium,low,7,name.com,,,
d6aef837-64d7-4a5a-8667-383a105b20b1,refinement.solutions,available,8.98,41.98,high,low,10,namecheap,,,02/10/2026 05:58
f9f7cf93-dbd7-4eaf-a756-504f1a3cb2c5,bennie.solutions,available,10.99,30.99,high,low,6,namesilo,,,23/09/2026 08:32
fc4e57fb-72c3-43d9-ab92-33a8aa315630,export.solutions,resell,,,high,low,6,"Sav.com, LLC",16/09/2019 07:47,16/09/2027 07:47,29/09/2026 18:42
75398fbb-35ab-45ac-83ac-40edab7754ed,swingeing.solutions,available,8.98,41.98,medium,low,9,namecheap,,,11/09/2026 05:48
2ef23559-dab3-41ff-b871-5ca6937df2ec,tenths.solutions,available,10.99,30.99,medium,low,6,namesilo,,,20/09/2026 23:51
45a87185-cab9-4a2e-b4a5-e5badb1d9a3b,radon.solutions,resell,,,high,low,5,Squarespace Domains II LLC,11/06/2021 16:06,11/06/2027 16:06,26/09/2026 08:28
3d2a9403-bae5-4d4c-b885-51ea6a6747f9,antiphon.solutions,available,10.99,30.99,medium,low,8,namesilo,,,19/09/2026 14:56
2cf1c56d-92eb-4441-91c0-48015010c717,apoptosis.solutions,available,8.98,41.98,medium,low,9,namecheap,,,19/09/2026 19:14
3f398d2c-792c-4a9f-b702-8aac8fea411c,gandhi.solutions,available,10.5,,high,low,6,unstoppable,,,29/09/2026 20:38
f714c297-9d72-499c-9b08-dfbcad34864f,heilong.solutions,available,8.98,41.98,medium,low,7,namecheap,,,19/09/2026 00:15
1e079eba-a476-4bd3-8b09-132697d41ed1,mountain.solutions,resell,,,high,low,8,Dynadot Inc,30/01/2015 21:35,30/01/2027 21:35,26/09/2026 07:39
f457f737-a0dc-457c-aa67-f514cc77b22e,protesters.solutions,available,10.5,,low,low,10,unstoppable,,,02/10/2026 03:18
64b7a7a8-d811-4aa5-b02b-27914025ff84,lawful.solutions,available,5.99,41.99,high,low,6,name.com,,,22/08/2026 21:21
9888f3cc-bac9-41f8-9de2-117f1dd565f8,badaga.solutions,available,10.99,30.99,medium,low,6,namesilo,,,21/09/2026 16:58
8a171710-c435-498c-814f-6bebabbfc0a1,deceptive.solutions,available,5.99,41.99,medium,low,9,name.com,,,13/08/2026 21:16
0408abdd-f2eb-4a8b-bad9-098c9d8ef652,anseres.solutions,available,10.99,30.99,medium,low,7,namesilo,,,19/09/2026 12:08
1e18a652-904a-4ec9-9a4d-6e0945f360d8,felicity.solutions,available,24.2,24.2,high,low,8,cloudflare,,,29/09/2026 12:15
6ca8c4f0-3f25-434e-86c0-52ab3663b2d7,warily.solutions,available,10.99,30.99,medium,low,6,namesilo,,,16/09/2026 11:20
f98bd95f-8a93-48d2-9053-5537aaf5ca7f,quartic.solutions,available,5.99,41.99,high,low,7,name.com,,,10/08/2026 05:37
c8ade33e-53d6-478d-99e9-5d4453e154db,televised.solutions,available,10.99,30.99,high,low,9,namesilo,,,21/09/2026 05:39
3d315a98-1282-4392-ae28-8893b81eac14,product.solutions,resell,,,high,medium,7,Dynadot Inc,14/06/2015 13:54,14/06/2027 13:54,01/10/2026 01:06
21d18dae-3d50-4051-8357-75f55fa464c3,lowe.solutions,available,10.5,,high,low,4,unstoppable,,,29/09/2026 15:01
1da3b073-1198-437f-8f05-20e5d430b49d,sugars.solutions,available,10.99,30.99,medium,low,6,namesilo,,,18/09/2026 08:14
a34f2379-fbe7-4133-b596-078834cc8d7a,affected.solutions,available,5.99,41.99,high,low,8,name.com,,,
bc3f2de6-c7b1-4bf0-a8d8-8aa4aba94a7e,explorers.solutions,available,10.99,30.99,medium,low,9,namesilo,,,30/09/2026 07:27
6a2ae2cf-9254-4988-b2da-bba66d20b598,homer.solutions,available,7.96,25.04,high,low,5,spaceship,,,30/09/2026 17:38
e6d6694d-3479-4dd3-85f6-627f2324a487,class.solutions,resell,,,high,low,5,Dynadot Inc,27/01/2026 17:00,27/01/2027 17:00,28/09/2026 14:22
1724d3b1-9ff9-42f7-b677-d6f164ef05b7,treason.solutions,available,10.99,30.99,medium,low,7,namesilo,,,23/09/2026 11:25
5f2778fa-413e-4ffa-8517-f2351f01a7bb,nympho.solutions,available,8.98,41.98,medium,low,6,namecheap,,,03/09/2026 23:18
0e2b0118-9665-4a63-8ce2-3be25630c08e,hissing.solutions,available,3.5,25.9,medium,low,7,dynadot,,,02/10/2026 04:52
e71b1534-8f4c-49f8-b6c5-b59462c4ddb3,confederation.solutions,available,7.96,25.04,medium,low,13,spaceship,,,01/10/2026 22:47
c29b87da-771f-4067-bf51-f00d7b1342ff,kannada.solutions,available,10.5,,high,low,7,unstoppable,,,30/09/2026 17:46
0d0464b6-9f86-4440-abac-504b0040b0bd,mcdaniel.solutions,available,3.5,25.9,medium,low,8,dynadot,,,29/09/2026 04:34
b75cdeb0-7901-469f-b50f-2e3fd5fedda6,degraded.solutions,available,5.99,41.99,medium,low,8,name.com,,,13/08/2026 20:17
44340242-47a4-4207-aa10-4b3ab0764960,dowding.solutions,available,5.99,41.99,medium,low,7,name.com,,,14/08/2026 17:10
2ef99de9-820d-4368-b121-f8a962c22d8e,gunman.solutions,available,10.99,30.99,medium,low,6,namesilo,,,01/10/2026 02:21
67d79c87-d662-48bb-859d-2829ecfae1c5,scalable.solutions,premium,38.94,38.94,high,low,8,namesilo,,,09/09/2026 22:15
24477627-6648-4dc1-81a5-94bd6eb74d4d,gad.solutions,premium,128.7,128.7,medium,low,3,namecheap,,,19/09/2026 15:59
b2758388-102d-4e02-8f73-52bed943a63a,malvern.solutions,available,10.99,30.99,medium,low,7,namesilo,,,28/09/2026 16:50
f462b4dc-aed7-4bf8-a196-724cb1465770,olivia.solutions,available,8.98,41.98,high,low,6,namecheap,,,28/09/2026 07:43
8ce6d2f1-9105-417e-98d3-a22158800a32,achene.solutions,available,10.99,30.99,medium,low,6,namesilo,,,17/09/2026 00:28
ed79411f-532b-4b00-b0c6-57e1b35b1d48,vespucci.solutions,available,8.98,41.98,high,low,8,namecheap,,,18/09/2026 21:04
8d3b9034-4106-41ce-8ac6-a1b1b025a644,orbicular.solutions,available,5.99,41.99,medium,low,9,name.com,,,08/08/2026 10:11
e1239849-47c5-4b5c-ade8-4dd7ef214a8b,psychosis.solutions,available,10.5,,high,low,9,unstoppable,,,30/09/2026 10:54
b06c04db-b027-4408-8c5b-92e8c34df951,unlikeable.solutions,available,8.98,41.98,medium,low,10,namecheap,,,12/09/2026 00:56
c1ad5ea4-264a-4632-8bba-bd4ea9597d8d,hymns.solutions,available,7.96,25.04,medium,low,5,spaceship,,,30/09/2026 15:32
ccd16781-9f8d-45ba-a67f-debbdcbc74dd,carolina.solutions,available,4.99,59.99,high,low,8,godaddy,,,28/09/2026 01:35
fc554338-d526-4f3c-a073-acd7e34eba6d,sublime.solutions,resell,,,high,low,7,Dynadot Inc,09/10/2019 08:58,09/10/2027 08:58,26/09/2026 09:22
909ba9e7-4515-42ee-bca5-fe6d4fe778e8,swarthy.solutions,available,8.98,41.98,medium,low,7,namecheap,,,11/09/2026 05:25
e5b08798-b53b-453d-aeea-066ac3948b1b,iww.solutions,available,24.2,24.2,medium,low,3,cloudflare,,,02/10/2026 05:22
6aa62880-2fe7-4ec8-b25c-31dae1259830,fined.solutions,available,24.2,24.2,medium,low,5,cloudflare,,,30/09/2026 15:19
27c782c6-115a-463f-9de8-7eeac12713fa,affections.solutions,available,10.99,30.99,medium,low,10,namesilo,,,17/09/2026 07:05
837bd6a6-d89f-4bab-86db-11de2cda8083,balusters.solutions,available,10.99,30.99,high,low,9,namesilo,,,22/09/2026 00:30
46b0c46b-c89f-4db8-ab04-8e09bc883c01,univocal.solutions,available,8.98,41.98,medium,low,8,namecheap,,,12/09/2026 09:15
18f2e049-2239-40be-82f2-cab26c560974,magazines.solutions,available,8.98,41.98,medium,low,9,namecheap,,,18/09/2026 18:19
365ee4a5-fce2-4b61-bf87-bd92ab935ba7,explicable.solutions,available,5.99,41.99,medium,low,10,name.com,,,17/08/2026 18:23
b150f977-15b3-4f38-9683-c70e3236a074,pipeline.solutions,resell,,,high,low,8,,,,29/09/2026 01:07
9182f941-7c05-4bff-96e6-fb6b1c8a5519,alidad.solutions,available,10.99,30.99,medium,low,6,namesilo,,,18/09/2026 07:31
a92f3719-d1b3-45b6-97b1-dafcf5ea846d,publicly.solutions,available,8.98,41.98,medium,low,8,namecheap,,,28/09/2026 15:37
4aa1757a-f33f-473f-afa1-1899329d0f23,salzburg.solutions,available,10.99,30.99,high,low,8,namesilo,,,28/09/2026 03:02
0e05c977-47cd-4a10-a9a1-b5dd5defc574,winsomely.solutions,available,8.98,41.98,medium,low,9,namecheap,,,14/09/2026 15:43
ff013bb7-78e2-423c-b6e4-382afa7d8634,grabs.solutions,available,7.96,25.04,medium,low,5,spaceship,,,29/09/2026 11:38
53bc5c83-ff66-4f2d-a453-bfbc44135528,brickly.solutions,available,5.99,41.99,medium,low,7,name.com,,,11/08/2026 03:51
9f94187d-f516-49d1-9490-1f568e6d6ec2,antivenin.solutions,available,10.99,30.99,medium,low,9,namesilo,,,19/09/2026 15:16
9c627da6-5c78-44cc-86be-7fb0cc82b0b6,drag.solutions,available,10.99,30.99,high,low,4,namesilo,,,25/09/2026 22:05
bed7266e-612c-4f86-9a04-db88f2efe484,brut.solutions,available,5.99,41.99,medium,low,4,name.com,,,11/08/2026 07:07
88f22bd7-781b-46c0-91b9-cecc90866def,policy.solutions,resell,,,high,low,6,Squarespace Domains II LLC,25/06/2021 08:20,25/06/2027 08:20,30/09/2026 00:13
fe0edc44-b615-47ed-bb74-72f53cffef25,surfbird.solutions,available,10.99,30.99,medium,low,8,namesilo,,,19/09/2026 17:13
a285fd03-1914-44e5-8c2c-0a4cfa2af039,locating.solutions,available,8.98,41.98,high,low,8,namecheap,,,09/09/2026 00:10
0513501f-bdf0-48f1-8cea-ba71ff1331b9,aeolis.solutions,available,10.99,30.99,low,low,6,namesilo,,,17/09/2026 12:32
d3b1c72e-ab31-44ab-afec-dcabcaf823e0,debbie.solutions,available,10.99,30.99,medium,low,6,namesilo,,,27/09/2026 07:32
99f28fa7-e973-4ba2-ae41-341cfbab8076,gesellschaft.solutions,available,10.99,30.99,medium,low,12,namesilo,,,28/09/2026 23:30
5216840b-405b-423c-bc22-8695063ad5b2,submit.solutions,available,24.2,24.2,high,low,6,cloudflare,,,27/09/2026 16:26
1d6e606b-c004-46e6-8851-9fb516251487,periodically.solutions,available,10.5,,medium,low,12,unstoppable,,,30/09/2026 14:44
4a938655-8848-4e8c-8039-7c968595791e,catches.solutions,available,10.5,,medium,low,7,unstoppable,,,28/09/2026 04:27
acfac030-5f85-49b5-bcdc-5b83280dd1ac,reservedly.solutions,available,8.98,41.98,medium,low,10,namecheap,,,15/09/2026 23:22
d50e3197-f4d7-4c53-92fa-55f1583188cc,heartleaf.solutions,available,10.99,30.99,medium,low,9,namesilo,,,20/09/2026 12:53
8c992d15-656e-42c4-92e3-7484f9fca0fa,acheta.solutions,available,10.99,30.99,medium,low,6,namesilo,,,17/09/2026 00:33
a5977cf0-da73-44d0-be55-532e5c35c70e,serpent.solutions,available,24.2,24.2,medium,low,7,cloudflare,,,29/09/2026 01:45
67ad5eec-94a5-49a2-80cf-e709a9f8c0b7,adverbs.solutions,available,10.99,30.99,medium,low,7,namesilo,,,18/09/2026 21:42
9e026bc8-0fd2-48c8-89b8-aecb5c6aa99c,restive.solutions,available,5.99,41.99,medium,low,7,name.com,,,15/08/2026 09:28
00afd882-8260-4a13-b493-940619668bb6,gemmed.solutions,available,5.99,41.99,medium,low,6,name.com,,,18/08/2026 21:08
0827ef70-a5f3-4863-9b81-25ab5f0f598a,rotating.solutions,available,7.96,25.04,high,low,8,spaceship,,,29/09/2026 16:17
ee31c643-c884-4b25-be26-08f421d8eeb2,mauldin.solutions,available,10.99,30.99,medium,low,7,namesilo,,,23/09/2026 16:01
2e5a6d5c-bcbf-4e12-a4cf-23a6f95f9f79,miami.solutions,resell,,,high,medium,5,"Spaceship, Inc.",12/04/2026 20:04,12/04/2027 20:04,26/09/2026 07:32
ad290543-5503-4c5f-8f86-55e7df476ce1,absolutely.solutions,available,10.5,,high,low,10,unstoppable,,,28/09/2026 11:36
fb55ab88-2f4a-4983-8d5f-5740f8c29f79,sulphur.solutions,available,10.99,30.99,medium,low,7,namesilo,,,20/09/2026 22:29
c254ed58-ffb2-48a6-acde-961377f8b4af,bagatelle.solutions,available,8.98,41.98,medium,low,9,namecheap,,,21/09/2026 17:53
06c672d0-1177-452a-89d4-e1403b557be4,accessories.solutions,available,3.5,25.9,medium,low,11,dynadot,,,01/10/2026 18:53
509fec87-66ea-43f4-a3ea-780a5565cd28,hydrated.solutions,available,5.99,41.99,high,low,8,name.com,,,21/08/2026 16:16
480966ae-e593-44df-9a79-5d972b1fa81f,geoff.solutions,available,10.99,30.99,medium,low,5,namesilo,,,28/09/2026 07:55
9908b610-ef26-4018-b262-cc6f0a9748cd,humiliate.solutions,available,10.99,30.99,medium,low,9,namesilo,,,01/10/2026 01:19
62b33ee6-ba9a-438e-ba29-f025be94f8c9,olfactory.solutions,available,5.99,41.99,medium,low,9,name.com,,,04/09/2026 02:12
53bf9a19-cfe9-4c10-afce-4f1bc812927c,unrivaled.solutions,available,5.99,41.99,high,low,9,name.com,,,24/08/2026 17:06
5a949c26-9dd3-47c8-8e14-2ec5efc9affe,ridicule.solutions,available,10.99,30.99,medium,low,8,namesilo,,,24/09/2026 02:25
f9cfe4e0-747f-4ae8-b826-cbebcda45bfc,rearing.solutions,available,8.98,41.98,high,low,7,namecheap,,,09/09/2026 11:04
2d5af979-cba8-4dea-a7d7-360853fe2319,derogative.solutions,available,5.99,41.99,medium,low,10,name.com,,,14/08/2026 03:10
5fa0f2eb-9c26-4d44-b0f7-1c6d294da1a5,pumping.solutions,available,8.98,41.98,high,low,7,namecheap,,,17/09/2026 18:09
4c9bc246-aa67-46b9-be02-53aefbdf2d23,unordered.solutions,available,8.98,41.98,medium,low,9,namecheap,,,12/09/2026 16:18
da07a86e-0067-42df-9b9b-1e3aecafa1aa,antigen.solutions,available,10.99,30.99,high,low,7,namesilo,,,19/09/2026 14:24
e5125ecc-a6ca-4cb9-b096-15108f72fe01,fungous.solutions,available,5.99,41.99,low,low,7,name.com,,,18/08/2026 18:30
14572088-aae5-4668-9d6a-e6de821582c0,hypothetic.solutions,available,5.99,41.99,medium,low,10,name.com,,,12/08/2026 22:01
ea045901-f9fc-47a7-bf8f-3f8290daff07,mammals.solutions,available,24.2,24.2,medium,low,7,cloudflare,,,30/09/2026 06:09
45060614-902b-477c-a39d-29bc4fcb1460,patrols.solutions,available,3.5,25.9,medium,low,7,dynadot,,,29/09/2026 11:26
c1236c79-86e5-4938-aa11-19c1757718e3,babinski.solutions,available,5.99,41.99,medium,low,8,name.com,,,21/09/2026 12:44
f1cdc1a6-1c8f-4925-a366-9692dffa0466,rossini.solutions,available,10.99,30.99,high,low,7,namesilo,,,30/09/2026 01:46
0b47aaca-1e70-486b-8fbe-924ee186bbbb,herr.solutions,available,10.5,,medium,low,4,unstoppable,,,28/09/2026 10:03
dc70de98-4ba2-41db-9611-4531f6a4f950,enceinte.solutions,available,5.99,41.99,medium,low,8,name.com,,,16/08/2026 22:09
cde8bd2d-cb01-4178-9abd-9fed4f31d78a,insult.solutions,available,10.99,30.99,medium,low,6,namesilo,,,17/09/2026 14:53
dac501a6-aa48-40af-83d7-9ae20051326f,unfenced.solutions,available,8.98,41.98,medium,low,8,namecheap,,,12/09/2026 10:10
1ae61bea-deed-4ada-a3f9-6600d8dc707c,aloysius.solutions,available,7.96,25.04,medium,low,8,spaceship,,,01/10/2026 08:41
024b6d6c-b5bb-488b-ad74-57d830e4f26a,boondocks.solutions,available,10.99,30.99,medium,low,9,namesilo,,,21/09/2026 14:32
ae1f81dc-7716-4c4c-a2d1-040517ddd563,krai.solutions,available,8.98,41.98,medium,low,4,namecheap,,,30/09/2026 04:19
791949c0-755e-4d51-b138-fded6b5a64e1,massachusetts.solutions,available,10.99,30.99,medium,low,13,namesilo,,,28/09/2026 11:48
2ddba3c9-593f-4f68-a851-40d8425571e3,bahaism.solutions,available,8.98,41.98,medium,low,7,namecheap,,,21/09/2026 18:33
9810e742-57bf-4b5b-b265-03f4a6254722,angolan.solutions,available,5.99,41.99,high,low,7,name.com,,,
0d8b00c8-6571-4e75-a0e2-94b10fa5d63e,apian.solutions,available,5.99,41.99,medium,low,5,name.com,,,05/08/2026 23:47
d34c4afb-7a47-440f-8c06-6b388ee8b395,falkland.solutions,available,24.2,24.2,medium,low,8,cloudflare,,,28/09/2026 12:09
0753b7b9-7f15-4d78-a310-72c458eb171c,musa.solutions,available,7.96,25.04,medium,low,4,spaceship,,,28/09/2026 05:49
4f4b2d0c-f690-4d21-8719-212885d6031f,comic.solutions,available,10.99,30.99,high,low,5,namesilo,,,23/09/2026 15:15
a72c22da-c9ad-4c7b-ab16-9e60fbf0a1d4,pecuniary.solutions,available,5.99,41.99,medium,low,9,name.com,,,25/08/2026 04:35
111d8202-e83b-41d2-9a8b-8ed5ceaeb33b,thom.solutions,available,7.96,25.04,medium,low,4,spaceship,,,28/09/2026 04:11
b9fdcff1-2c1e-451c-a2c7-80b512483f8a,illinois.solutions,available,5.99,41.99,high,low,8,name.com,,,21/08/2026 18:40
042ca4fc-9c88-43a0-b662-cd7237c0229b,prominence.solutions,available,10.99,30.99,high,low,10,namesilo,,,24/09/2026 11:05
43fbbf52-6162-44b7-8b93-bbacbc15df91,accipiter.solutions,available,10.99,30.99,medium,low,9,namesilo,,,16/09/2026 22:29
f56051e7-f8fb-427b-be4f-0e64735c5f55,bestiality.solutions,available,10.99,30.99,medium,low,10,namesilo,,,23/09/2026 10:39
6e9729d3-f442-4469-a5a7-a083a125043f,ses.solutions,premium,108.9,108.9,high,low,3,dynadot,,,28/09/2026 12:11
52a48601-e28c-4760-90ac-288f45bd1b32,gallus.solutions,available,7.96,25.04,high,low,6,spaceship,,,02/10/2026 04:58
318ab9c9-c9ee-494d-a8ec-2422c47fa6b4,households.solutions,available,10.5,,medium,low,10,unstoppable,,,02/10/2026 03:00
1745a2ee-3134-45a9-bf03-2197cecc819c,chatoyant.solutions,available,5.99,41.99,medium,low,9,name.com,,,12/08/2026 03:13
b4f59c58-edf6-4597-9bbc-9e7cdfa0c08b,burbank.solutions,available,10.99,30.99,high,low,7,namesilo,,,30/09/2026 08:51
a21f4304-bb08-45a3-9c52-caa6f3e8ac34,fourteenth.solutions,available,5.99,41.99,high,low,10,name.com,,,
6c82e59a-ae31-4f8d-8b7a-c8bd9b4353e7,autogeny.solutions,available,10.99,30.99,medium,low,8,namesilo,,,16/09/2026 15:57
68b1d6b7-71e6-4a00-a3ab-f3abccd28955,unmoved.solutions,available,5.99,41.99,medium,low,7,name.com,,,21/08/2026 23:45
e591ebd3-b65d-486b-abab-404c917ae548,topnotch.solutions,resell,,,high,low,8,Squarespace Domains II LLC,03/07/2024 17:00,03/07/2027 17:00,26/09/2026 09:41
94bde3f5-c7cf-4e2e-804a-508aa872fa0b,exceptional.solutions,resell,,,high,low,11,,,,28/09/2026 11:15
9ead8e09-cd97-47d6-8984-aebd2bc2ed75,irony.solutions,available,10.99,30.99,high,low,5,namesilo,,,24/09/2026 13:17
811e15ac-6783-46ff-a000-640f384f493f,champaign.solutions,available,8.98,41.98,medium,low,9,namecheap,,,08/09/2026 20:30
e32838fd-c546-46f2-ab6d-efd78f17dcfa,scourge.solutions,available,5.99,41.99,medium,low,7,name.com,,,18/08/2026 06:16
8df3d4c3-1f2b-4b89-8f61-cd77bf2a93a8,narayan.solutions,available,7.96,25.04,medium,low,7,spaceship,,,29/09/2026 15:24
903aa6f9-8c06-46e0-8023-891176fafe39,seedless.solutions,available,8.98,41.98,medium,low,8,namecheap,,,10/09/2026 01:45
a6646d8e-d715-4d92-8107-d2aa4741d600,penniless.solutions,available,5.99,41.99,medium,low,9,name.com,,,21/08/2026 00:34
7dd8db21-95bd-4ffe-a094-c7885c2fd8ef,floats.solutions,available,8.98,41.98,medium,low,6,namecheap,,,29/09/2026 23:46
8004fa3c-b664-436c-bc7d-68a3daaf9128,styling.solutions,available,8.98,41.98,high,low,7,namecheap,,,17/09/2026 18:14
32dc892a-8493-4998-96af-09ec0a9daac2,ano.solutions,premium,128.7,128.7,high,low,3,namecheap,,,16/09/2026 18:45
e1fcdf4b-7f9d-44cf-9cb5-7dd252347a4b,emergencies.solutions,available,10.99,30.99,medium,low,11,namesilo,,,29/09/2026 16:56